RawName,SpeciesName,ScientificName,AphiaID,Family,Order,Class,TaxaGroup
Acanthogorgia sp.,Acanthogorgia,Acanthogorgia,125293,Acanthogorgiidae,Malacalcyonacea,Octocorallia,Coral
Acanthogorgiidae,Acanthogorgiidae,Paramuriceidae,125272,Acanthogorgiidae,Malacalcyonacea,Octocorallia,Coral
Actinaria,Actinaria,Actinaraea,1440251,Actinacididae,Scleractinia,Hexacorallia,Other
Actinaria (anemone Order),Actinaria,Actinaraea,1440251,Actinacididae,Scleractinia,Hexacorallia,Other
Actinaria (anemone),Actinaria,Actinaraea,1440251,Actinacididae,Scleractinia,Hexacorallia,Other
Actiniaria (sea anemone),Actinaria,Actinaraea,1440251,Actinacididae,Scleractinia,Hexacorallia,Other
Anemone,Actinaria,Actinaraea,1440251,Actinacididae,Scleractinia,Hexacorallia,Other
Unid. Anthozoa,Actinaria,Actinaraea,1440251,Actinacididae,Scleractinia,Hexacorallia,Other
Agonidae,Agonidae,Agonidae,125588,Agonidae,Perciformes,Teleostei,Fish
Agonidae (poacher),Agonidae,Agonidae,125588,Agonidae,Perciformes,Teleostei,Fish
Bathyagonus nigripinnis,Bathyagonus nigripinnis,Bathyagonus nigripinnis,254505,Agonidae,Perciformes,Teleostei,Fish
Poacher,Agonidae,Agonidae,125588,Agonidae,Perciformes,Teleostei,Fish
poacher,Agonidae,Agonidae,125588,Agonidae,Perciformes,Teleostei,Fish
Poacher unid,Agonidae,Agonidae,125588,Agonidae,Perciformes,Teleostei,Fish
Poacher unid.,Agonidae,Agonidae,125588,Agonidae,Perciformes,Teleostei,Fish
Poacher Unid.,Agonidae,Agonidae,125588,Agonidae,Perciformes,Teleostei,Fish
Poacher/eelpout,Agonidae,Agonidae,125588,Agonidae,Perciformes,Teleostei,Fish
Sawback poacher,Sarritor frenatus,Sarritor frenatus,254374,Agonidae,Perciformes,Teleostei,Fish
Sculpin/Poacher,Agonidae,Agonidae,125588,Agonidae,Perciformes,Teleostei,Fish
sculpin/poacher/eelpout,Agonidae,Agonidae,125588,Agonidae,Perciformes,Teleostei,Fish
Sculpin/Poacher/snailfish,Agonidae,Agonidae,125588,Agonidae,Perciformes,Teleostei,Fish
Sculpin/Poacher/Snailfish,Agonidae,Agonidae,125588,Agonidae,Perciformes,Teleostei,Fish
sculpin/poacher/snailfish/eelpout,Agonidae,Agonidae,125588,Agonidae,Perciformes,Teleostei,Fish
Alcyoniidae,Alcyoniidae,Alcyoniidae,125269,Alcyoniidae,Malacalcyonacea,Octocorallia,Soft coral
Anthothela sp.,Anthothela,Anthothela,125324,Alcyoniidae,Malacalcyonacea,Octocorallia,Soft coral
Gersemia sp,Gersemia,Gersemia,146953,Alcyoniidae,Malacalcyonacea,Octocorallia,Soft coral
Gersemia sp.,Gersemia,Gersemia,146953,Alcyoniidae,Malacalcyonacea,Octocorallia,Soft coral
Soft coral,Gersemia,Gersemia,146953,Alcyoniidae,Malacalcyonacea,Octocorallia,Soft coral
Anoplopoma fimbria,Anoplopoma fimbria,Anoplopoma fimbria,159463,Anoplopomatidae,Perciformes,Teleostei,Fish
Anoplopoma fimbria (sablefish),Anoplopoma fimbria,Anoplopoma fimbria,159463,Anoplopomatidae,Perciformes,Teleostei,Fish
Sable fish,Anoplopoma fimbria,Anoplopoma fimbria,159463,Anoplopomatidae,Perciformes,Teleostei,Fish
Sablefish,Anoplopoma fimbria,Anoplopoma fimbria,159463,Anoplopomatidae,Perciformes,Teleostei,Fish
Stichopathes spiessi,Aphanostichopathes spiessi,Aphanostichopathes spiessi,1516570,Aphanipathidae,Antipatharia,Hexacorallia,Coral
Anthoptilum cf lithophilum,Lithoptilum lithophilum,Lithoptilum lithophilum,1769885,Anthoptilidae,Scleralcyonacea,Octocorallia,Pennatulacean
Anthoptilum grandiflorum,Anthoptilum grandiflorum,Anthoptilum grandiflorum,128504,Anthoptilidae,Scleralcyonacea,Octocorallia,Pennatulacean
Anthoptilum sp,Anthoptilum sp,Anthoptilum sp,128489,Anthoptilidae,Scleralcyonacea,Octocorallia,Pennatulacean
Antipathidae,Antipathidae,Antipathidae,103301,Antipathidae,Antipatharia,Hexacorallia,Coral
Aphanostichopathes spiessi,Aphanostichopathes spiessi,Aphanostichopathes spiessi,1516570,Aphanipathidae,Antipatharia,Hexacorallia,Coral
Alaska skate,Bathyraja parmifera,Arctoraja parmifera,271528,Arhynchobatidae,Rajiformes,Elasmobranchii,Fish
Aleutian Skate,Bathyraja aleutica,Bathyraja aleutica,271506,Arhynchobatidae,Rajiformes,Elasmobranchii,Fish
Bathyraja aleutica,Bathyraja aleutica,Bathyraja aleutica,271506,Arhynchobatidae,Rajiformes,Elasmobranchii,Fish
Bathyraja aleutica (Aleutian skate),Bathyraja aleutica,Bathyraja aleutica,271506,Arhynchobatidae,Rajiformes,Elasmobranchii,Fish
Bathyraja egg case,Bathyraja,Bathyraja,105761,Arhynchobatidae,Rajiformes,Elasmobranchii,Fish
Bathyraja interrupta (GOA form),Bathyraja interrupta,Bathyraja interrupta,271515,Arhynchobatidae,Rajiformes,Elasmobranchii,Fish
Bathyraja lindbergi,Bathyraja lindbergi,Bathyraja lindbergi,271517,Arhynchobatidae,Rajiformes,Elasmobranchii,Fish
Bathyraja maculata,Bathyraja maculata,Bathyraja maculata,271520,Arhynchobatidae,Rajiformes,Elasmobranchii,Fish
Bathyraja maculata (whiteblotched),Bathyraja maculata,Bathyraja maculata,271520,Arhynchobatidae,Rajiformes,Elasmobranchii,Fish
Bathyraja minispinosa,Bathyraja minspinosa,Bathyraja minispinosa,271524,Arhynchobatidae,Rajiformes,Elasmobranchii,Fish
Bathyraja minispinosa (whitebrow),Bathyraja minspinosa,Bathyraja minispinosa,271524,Arhynchobatidae,Rajiformes,Elasmobranchii,Fish
Bathyraja minisponosa (whitebrow),Bathyraja minspinosa,Bathyraja minispinosa,271524,Arhynchobatidae,Rajiformes,Elasmobranchii,Fish
Bathyraja parmifera,Bathyraja parmifera,Arctoraja parmifera,271528,Arhynchobatidae,Rajiformes,Elasmobranchii,Fish
Bathyraja parmifera (Alaska),Bathyraja parmifera,Arctoraja parmifera,271528,Arhynchobatidae,Rajiformes,Elasmobranchii,Fish
Bathyraja sp,Bathyraja,Bathyraja,105761,Arhynchobatidae,Rajiformes,Elasmobranchii,Fish
Bathyraja sp.,Bathyraja,Bathyraja,105761,Arhynchobatidae,Rajiformes,Elasmobranchii,Fish
Bathyraja sp. egg case,Bathyraja,Bathyraja,105761,Arhynchobatidae,Rajiformes,Elasmobranchii,Fish
Bathyraja taranetzi,Bathyraja taranetzi,Bathyraja taranetzi,298834,Arhynchobatidae,Rajiformes,Elasmobranchii,Fish
Butterfly skate,Bathyraja mariposa,Bathyraja mariposa,271522,Arhynchobatidae,Rajiformes,Elasmobranchii,Fish
Leopard skate,Bathyraja panthera,Bathyraja panthera,712390,Arhynchobatidae,Rajiformes,Elasmobranchii,Fish
Mud Skate,Bathyraja taranetzi,Bathyraja taranetzi,298834,Arhynchobatidae,Rajiformes,Elasmobranchii,Fish
Skate,Bathyraja,Bathyraja,105761,Arhynchobatidae,Rajiformes,Elasmobranchii,Fish
skate,Bathyraja,Bathyraja,105761,Arhynchobatidae,Rajiformes,Elasmobranchii,Fish
Skate Egg Case,Bathyraja,Bathyraja,105761,Arhynchobatidae,Rajiformes,Elasmobranchii,Fish
Skate sp.,Bathyraja,Bathyraja,105761,Arhynchobatidae,Rajiformes,Elasmobranchii,Fish
Skate unid,Bathyraja,Bathyraja,105761,Arhynchobatidae,Rajiformes,Elasmobranchii,Fish
Skate Unid,Bathyraja,Bathyraja,105761,Arhynchobatidae,Rajiformes,Elasmobranchii,Fish
skate unid,Bathyraja,Bathyraja,105761,Arhynchobatidae,Rajiformes,Elasmobranchii,Fish
skate unid - juvenile,Bathyraja,Bathyraja,105761,Arhynchobatidae,Rajiformes,Elasmobranchii,Fish
Skate unid.,Bathyraja,Bathyraja,105761,Arhynchobatidae,Rajiformes,Elasmobranchii,Fish
Skate Unid.,Bathyraja,Bathyraja,105761,Arhynchobatidae,Rajiformes,Elasmobranchii,Fish
Unident. Skate,Bathyraja,Bathyraja,105761,Arhynchobatidae,Rajiformes,Elasmobranchii,Fish
Axinella blanca,Axinella blanca,Axinella blanca,132468,Axinellidae,Axinellida,Demospongiae,Sponge
Balticina sp,Balticina,Balticina,146534,Balticinidae,Scleralcyonacea,Octocorallia,Pennatulacean
Balticina sp dead,Balticina,Balticina,146534,Balticinidae,Scleralcyonacea,Octocorallia,Pennatulacean
Balticina willemoesi,Balticina willemoesi,Balticina willemoesi,1393616,Balticinidae,Scleralcyonacea,Octocorallia,Pennatulacean
Balticinidae,Balticina,Balticina,146534,Balticinidae,Scleralcyonacea,Octocorallia,Pennatulacean
Balticinidae dead,Balticina,Balticina,146534,Balticinidae,Scleralcyonacea,Octocorallia,Pennatulacean
Damaged halipteris,Balticina,Balticina,146534,Balticinidae,Scleralcyonacea,Octocorallia,Pennatulacean
Dead/Damaged Sea Whip,Balticina,Balticina,146534,Balticinidae,Scleralcyonacea,Octocorallia,Pennatulacean
Dead/Damaged sea whip,Balticina,Balticina,146534,Balticinidae,Scleralcyonacea,Octocorallia,Pennatulacean
Dead/Damaged Sea whip,Balticina,Balticina,146534,Balticinidae,Scleralcyonacea,Octocorallia,Pennatulacean
Halipteris damaged,Balticina,Balticina,146534,Balticinidae,Scleralcyonacea,Octocorallia,Pennatulacean
Halipteris dead/horizontal,Balticina,Balticina,146534,Balticinidae,Scleralcyonacea,Octocorallia,Pennatulacean
Halipteris juvenile,Balticina,Balticina,146534,Balticinidae,Scleralcyonacea,Octocorallia,Pennatulacean
Halipteris sp,Balticina,Balticina,146534,Balticinidae,Scleralcyonacea,Octocorallia,Pennatulacean
Halipteris sp (damaged),Balticina,Balticina,146534,Balticinidae,Scleralcyonacea,Octocorallia,Pennatulacean
Halipteris sp (horizontal),Balticina,Balticina,146534,Balticinidae,Scleralcyonacea,Octocorallia,Pennatulacean
Halipteris sp (sea whip),Balticina,Balticina,146534,Balticinidae,Scleralcyonacea,Octocorallia,Pennatulacean
Halipteris sp A (bent tip),Balticina,Balticina,146534,Balticinidae,Scleralcyonacea,Octocorallia,Pennatulacean
Halipteris sp dead/horizontal,Balticina,Balticina,146534,Balticinidae,Scleralcyonacea,Octocorallia,Pennatulacean
Halipteris sp X,Balticina,Balticina,146534,Balticinidae,Scleralcyonacea,Octocorallia,Pennatulacean
Halipteris sp.,Balticina,Balticina,146534,Balticinidae,Scleralcyonacea,Octocorallia,Pennatulacean
Halipteris sp. (sea whip),Balticina,Balticina,146534,Balticinidae,Scleralcyonacea,Octocorallia,Pennatulacean
Halipteris sp. Damaged,Balticina,Balticina,146534,Balticinidae,Scleralcyonacea,Octocorallia,Pennatulacean
Halipteris sp. damaged,Balticina,Balticina,146534,Balticinidae,Scleralcyonacea,Octocorallia,Pennatulacean
Halipteris sp. dead/horizontal,Balticina,Balticina,146534,Balticinidae,Scleralcyonacea,Octocorallia,Pennatulacean
Halipteris sp. Dead/horizontal,Balticina,Balticina,146534,Balticinidae,Scleralcyonacea,Octocorallia,Pennatulacean
Halipteris sp. horizontal,Balticina,Balticina,146534,Balticinidae,Scleralcyonacea,Octocorallia,Pennatulacean
Halipteris sp. Horizontal,Balticina,Balticina,146534,Balticinidae,Scleralcyonacea,Octocorallia,Pennatulacean
Halipteris sp. X,Balticina,Balticina,146534,Balticinidae,Scleralcyonacea,Octocorallia,Pennatulacean
Halipteris willemoesi,Balticina willemoesi,Balticina willemoesi,1393616,Balticinidae,Scleralcyonacea,Octocorallia,Pennatulacean
Halipteris willemoesi (adult),Balticina willemoesi,Balticina willemoesi,1393616,Balticinidae,Scleralcyonacea,Octocorallia,Pennatulacean
Halipteris willemoesi (damaged),Balticina willemoesi,Balticina willemoesi,1393616,Balticinidae,Scleralcyonacea,Octocorallia,Pennatulacean
Halipteris willemoesi (horizontal),Balticina willemoesi,Balticina willemoesi,1393616,Balticinidae,Scleralcyonacea,Octocorallia,Pennatulacean
Halipteris willemoesi (sea whip),Balticina willemoesi,Balticina willemoesi,1393616,Balticinidae,Scleralcyonacea,Octocorallia,Pennatulacean
Halipteris willemoesi damaged,Balticina willemoesi,Balticina willemoesi,1393616,Balticinidae,Scleralcyonacea,Octocorallia,Pennatulacean
Halipteris willemoesi horizontal,Balticina willemoesi,Balticina willemoesi,1393616,Balticinidae,Scleralcyonacea,Octocorallia,Pennatulacean
Halipteris willemoesi with basket star,Balticina willemoesi,Balticina willemoesi,1393616,Balticinidae,Scleralcyonacea,Octocorallia,Pennatulacean
Halipterus dead (fallen over),Balticina,Balticina,146534,Balticinidae,Scleralcyonacea,Octocorallia,Pennatulacean
Halipterus dead/horizontal,Balticina,Balticina,146534,Balticinidae,Scleralcyonacea,Octocorallia,Pennatulacean
Halipterus sp,Balticina,Balticina,146534,Balticinidae,Scleralcyonacea,Octocorallia,Pennatulacean
Halipterus sp (sea whip),Balticina,Balticina,146534,Balticinidae,Scleralcyonacea,Octocorallia,Pennatulacean
Halipterus sp.,Balticina,Balticina,146534,Balticinidae,Scleralcyonacea,Octocorallia,Pennatulacean
Halipterus sp. damaged,Balticina,Balticina,146534,Balticinidae,Scleralcyonacea,Octocorallia,Pennatulacean
Halipterus sp. Damaged,Balticina,Balticina,146534,Balticinidae,Scleralcyonacea,Octocorallia,Pennatulacean
Halipterus willemoesi,Balticina willemoesi,Balticina willemoesi,1393616,Balticinidae,Scleralcyonacea,Octocorallia,Pennatulacean
Halipterus willemoesi horizontal,Balticina willemoesi,Balticina willemoesi,1393616,Balticinidae,Scleralcyonacea,Octocorallia,Pennatulacean
Halitperis sp.,Balticina,Balticina,146534,Balticinidae,Scleralcyonacea,Octocorallia,Pennatulacean
Penatulacea dead (dead/horizontal),Balticina,Balticina,146534,Balticinidae,Scleralcyonacea,Octocorallia,Pennatulacean
Pennatulacea (sea pen/whip),Balticina,Balticina,146534,Balticinidae,Scleralcyonacea,Octocorallia,Pennatulacean
Pennatulacea (sea whip),Balticina,Balticina,146534,Balticinidae,Scleralcyonacea,Octocorallia,Pennatulacean
Pennatulacea dead/horizontal,Balticina,Balticina,146534,Balticinidae,Scleralcyonacea,Octocorallia,Pennatulacean
Sea Whip,Balticina,Balticina,146534,Balticinidae,Scleralcyonacea,Octocorallia,Pennatulacean
Sea whip,Balticina,Balticina,146534,Balticinidae,Scleralcyonacea,Octocorallia,Pennatulacean
Bathymaster caeruleofasciatus,Bathymaster caeruleofasciatus,Bathymaster caeruleofasciatus,279415,Bathymasteridae,Perciformes,Teleostei,Fish
Bathymaster signatus,Bathymaster signatus,Bathymaster signatus,254513,Bathymasteridae,Perciformes,Teleostei,Fish
Bathymaster signatus (searcher),Bathymaster signatus,Bathymaster signatus,254513,Bathymasteridae,Perciformes,Teleostei,Fish
Bathymaster sp.,Bathymasteridae,Bathymasteridae,151388,Bathymasteridae,Perciformes,Teleostei,Fish
bathymaster sp.,Bathymasteridae,Bathymasteridae,151388,Bathymasteridae,Perciformes,Teleostei,Fish
Bathymasteridae,Bathymasteridae,Bathymasteridae,151388,Bathymasteridae,Perciformes,Teleostei,Fish
Ronquil,Bathymasteridae,Bathymasteridae,151388,Bathymasteridae,Perciformes,Teleostei,Fish
Ronquil Unid.,Ronquilus jordani,Ronquilus jordani,282629,Bathymasteridae,Perciformes,Teleostei,Fish
Ronquilus jordani,Ronquilus jordani,Ronquilus jordani,282629,Bathymasteridae,Perciformes,Teleostei,Fish
searcher,Bathymasteridae,Bathymasteridae,151388,Bathymasteridae,Perciformes,Teleostei,Fish
Searcher,Bathymasteridae,Bathymasteridae,151388,Bathymasteridae,Perciformes,Teleostei,Fish
Desmophyllum dianthus,Desmophyllum dianthus,Desmophyllum dianthus,135159,Caryophylliidae,Scleractinia,Hexacorallia,Coral
Desmophyllum pertusum,Desmophyllum pertusum,Desmophyllum pertusum,1245747,Caryophylliidae,Scleractinia,Hexacorallia,Coral
Possible Scleractinian Reef,Desmophyllum pertusum,Desmophyllum pertusum,1245747,Caryophylliidae,Scleractinia,Hexacorallia,Coral
Erimacrus isenbeckii,Erimacrus isenbeckii,Erimacrus isenbeckii,440405,Cheiragonidae,Decapoda,Malacostraca,Crab
Hydrolagus colliei,Hydrolagus colliei,Hydrolagus colliei,271406,Chimaeridae,Chimaeriformes,Holocephali,Fish
Chrysopathes formosa,Chrysopathes formosa,Chrysopathes formosa,289659,Cladopathidae,Antipatharia,Hexacorallia,Coral
Chrysopathes sp,Chrysopathes,Chrysopathes,267316,Cladopathidae,Antipatharia,Hexacorallia,Coral
Chrysopathes speciosa,Chrysopathes speciosa,Chrysopathes speciosa,289661,Cladopathidae,Antipatharia,Hexacorallia,Coral
Cladopathidae,Cladopathidae,Cladopathidae,266961,Cladopathidae,Antipatharia,Hexacorallia,Coral
Asbestopluma ramosa,Asbestopluma ramosa,Asbestopluma (Asbestopluma) ramosa,1315472,Cladorhizidae,Poecilosclerida,Demospongiae,Sponge
Asbestopluma sp,Asbestopluma,Asbestopluma,131893,Cladorhizidae,Poecilosclerida,Demospongiae,Sponge
Asbestopluma sp dead,Asbestopluma,Asbestopluma,131893,Cladorhizidae,Poecilosclerida,Demospongiae,Sponge
Chondrocladia,Chondrocladia,Chondrocladia,131894,Cladorhizidae,Poecilosclerida,Demospongiae,Sponge
Chondrocladia concrescens,Chondrocladia concrescens,Chondrocladia (Chondrocladia) concrescens,881551,Cladorhizidae,Poecilosclerida,Demospongiae,Sponge
Chondrocladia sp,Chondrocladia,Chondrocladia,131894,Cladorhizidae,Poecilosclerida,Demospongiae,Sponge
Cladorhiza sp,Cladorhiza,Cladorhiza,131895,Cladorhizidae,Poecilosclerida,Demospongiae,Sponge
Cladorhiza sp.,Cladorhiza,Cladorhiza,131895,Cladorhizidae,Poecilosclerida,Demospongiae,Sponge
Clavulariidae,Clavulariidae,Clavulariidae,125270,Clavulariidae,Malacalcyonacea,Octocorallia,Soft coral
Clupeidae (herring),Clupea pallasi,Clupea pallasii,400014,Clupeidae,Clupeiformes,Teleostei,Fish
Clupeidae,Clupea pallasi,Clupea pallasii,400014,Clupeidae,Clupeiformes,Teleostei,Fish
Herring,Clupea pallasi,Clupea pallasii,400014,Clupeidae,Clupeiformes,Teleostei,Fish
Anthomastus sp.,Anthomastus,Anthomastus,125285,Coralliidae,Scleralcyonacea,Octocorallia,Soft coral
Coralliidae,Coralliidae,Coralliidae,125280,Coralliidae,Scleralcyonacea,Octocorallia,Soft coral
Heteropolypus ritteri,Heteropolypus ritteri,Heteropolypus ritteri,724715,Coralliidae,Scleralcyonacea,Octocorallia,Soft coral
Heteropolypus sp,Heteropolypus sp,Heteropolypus sp,345446,Coralliidae,Scleralcyonacea,Octocorallia,Soft coral
Paragorgia,Paragorgia,Paragorgia,125326,Coralliidae,Scleralcyonacea,Octocorallia,Coral
Paragorgia arborea,Paragorgia arborea,Paragorgia arborea,125418,Coralliidae,Scleralcyonacea,Octocorallia,Coral
Paragorgia sp,Paragorgia,Paragorgia,125326,Coralliidae,Scleralcyonacea,Octocorallia,Coral
Paragorgia sp.,Paragorgia,Paragorgia,125326,Coralliidae,Scleralcyonacea,Octocorallia,Coral
Paragorgia stephencairnsi spp complex,Paragorgia stephencairnsi,Paragorgia stephencairnsi,286608,Coralliidae,Scleralcyonacea,Octocorallia,Coral
Paragorgidae,Paragorgia,Paragorgia,125326,Coralliidae,Scleralcyonacea,Octocorallia,Coral
Cottidae,Cottidae,Cottidae,125589,Cottidae,Perciformes,Teleostei,Fish
Cottidae (sculpin),Cottidae,Cottidae,125589,Cottidae,Perciformes,Teleostei,Fish
Cottidae (sculpins),Cottidae,Cottidae,125589,Cottidae,Perciformes,Teleostei,Fish
Cottoidae (sculpin/poacher),Cottidae,Cottidae,125589,Cottidae,Perciformes,Teleostei,Fish
Cottoidea (sculpin/poacher),Cottidae,Cottidae,125589,Cottidae,Perciformes,Teleostei,Fish
Cottoidea (scuplin/poacher),Cottidae,Cottidae,125589,Cottidae,Perciformes,Teleostei,Fish
Female YIL,Hemilepidotus jordani,Hemilepidotus jordani,254522,Cottidae,Perciformes,Teleostei,Fish
Great Sculpin,Myoxocephalus polyacanthocephalus,Myoxocephalus polyacanthocephalus,254528,Cottidae,Perciformes,Teleostei,Fish
great sculpin,Myoxocephalus polyacanthocephalus,Myoxocephalus polyacanthocephalus,254528,Cottidae,Perciformes,Teleostei,Fish
Hemilepidotus jordani,Hemilepidotus jordani,Hemilepidotus jordani,254522,Cottidae,Perciformes,Teleostei,Fish
Hemilepidotus sp,Hemilepidotus,Hemilepidotus,248338,Cottidae,Perciformes,Teleostei,Fish
Hemilepidotus sp (Irish lord),Hemilepidotus,Hemilepidotus,248338,Cottidae,Perciformes,Teleostei,Fish
Hemilepidotus sp.,Hemilepidotus,Hemilepidotus,248338,Cottidae,Perciformes,Teleostei,Fish
Hemilepidotus sp. (Irish lord),Hemilepidotus,Hemilepidotus,248338,Cottidae,Perciformes,Teleostei,Fish
Irish Lord,Hemilepidotus jordani,Hemilepidotus jordani,254522,Cottidae,Perciformes,Teleostei,Fish
Irish lord sp.,Hemilepidotus,Hemilepidotus,248338,Cottidae,Perciformes,Teleostei,Fish
Irish Lord sp.,Hemilepidotus,Hemilepidotus,248338,Cottidae,Perciformes,Teleostei,Fish
Irish_lord_sp,Hemilepidotus,Hemilepidotus,248338,Cottidae,Perciformes,Teleostei,Fish
Male YIL,Hemilepidotus jordani,Hemilepidotus jordani,254522,Cottidae,Perciformes,Teleostei,Fish
Red Irish Lord,Hemilepidotus hemilepidotus,Hemilepidotus hemilepidotus,254521,Cottidae,Perciformes,Teleostei,Fish
Sculpin,Cottidae,Cottidae,125589,Cottidae,Perciformes,Teleostei,Fish
sculpin,Cottidae,Cottidae,125589,Cottidae,Perciformes,Teleostei,Fish
Sculpin sp.,Cottidae,Cottidae,125589,Cottidae,Perciformes,Teleostei,Fish
Sculpin unid,Cottidae,Cottidae,125589,Cottidae,Perciformes,Teleostei,Fish
sculpin unid,Cottidae,Cottidae,125589,Cottidae,Perciformes,Teleostei,Fish
Sculpin unid.,Cottidae,Cottidae,125589,Cottidae,Perciformes,Teleostei,Fish
Sculpin Unid.,Cottidae,Cottidae,125589,Cottidae,Perciformes,Teleostei,Fish
Sculpin Unident,Cottidae,Cottidae,125589,Cottidae,Perciformes,Teleostei,Fish
Sculpin unidentified,Cottidae,Cottidae,125589,Cottidae,Perciformes,Teleostei,Fish
Triglops forfecata,Triglops forficatus,Triglops forficatus,254530,Cottidae,Perciformes,Teleostei,Fish
Unid. Sculpin,Cottidae,Cottidae,125589,Cottidae,Perciformes,Teleostei,Fish
Yellow Irish Lord,Hemilepidotus jordani,Hemilepidotus jordani,254522,Cottidae,Perciformes,Teleostei,Fish
YIL,Hemilepidotus jordani,Hemilepidotus jordani,254522,Cottidae,Perciformes,Teleostei,Fish
Cyclopteridae,Cyclopteridae,Cyclopteridae,125590,Cyclopteridae,Perciformes,Teleostei,Fish
Farrea (hexact),Farrea,Farrea,132107,Farreidae,Sceptrulophora,Hexactinellida,Sponge
Farrea sp,Farrea,Farrea,132107,Farreidae,Sceptrulophora,Hexactinellida,Sponge
cod,Gadus macrocephalus,Gadus macrocephalus,254538,Gadidae,Gadiformes,Teleostei,Fish
Cod,Gadus macrocephalus,Gadus macrocephalus,254538,Gadidae,Gadiformes,Teleostei,Fish
Gadid,Gadus,Gadus,125732,Gadidae,Gadiformes,Teleostei,Fish
Gadid sp.,Gadus,Gadus,125732,Gadidae,Gadiformes,Teleostei,Fish
gadid unid.,Gadus,Gadus,125732,Gadidae,Gadiformes,Teleostei,Fish
Gadid unid.,Gadus,Gadus,125732,Gadidae,Gadiformes,Teleostei,Fish
Gadidae,Gadidae,Gadidae,125469,Gadidae,Gadiformes,Teleostei,Fish
Gadiid,Gadus,Gadus,125732,Gadidae,Gadiformes,Teleostei,Fish
Gadiidae,Gadidae,Gadidae,125469,Gadidae,Gadiformes,Teleostei,Fish
Gadus chalcogramma,Gadus chalcogrammus,Gadus chalcogrammus,300735,Gadidae,Gadiformes,Teleostei,Fish
Gadus chalcogrammus,Gadus chalcogrammus,Gadus chalcogrammus,300735,Gadidae,Gadiformes,Teleostei,Fish
Gadus chalcogrammus (pollock,Gadus chalcogrammus,Gadus chalcogrammus,300735,Gadidae,Gadiformes,Teleostei,Fish
Gadus chalcogrammus (pollock),Gadus chalcogrammus,Gadus chalcogrammus,300735,Gadidae,Gadiformes,Teleostei,Fish
Gadus macrocephalus,Gadus macrocephalus,Gadus macrocephalus,254538,Gadidae,Gadiformes,Teleostei,Fish
Gadus macrocephalus (pcod),Gadus macrocephalus,Gadus macrocephalus,254538,Gadidae,Gadiformes,Teleostei,Fish
Gadus sp,Gadus,Gadus,125732,Gadidae,Gadiformes,Teleostei,Fish
Gadus sp.,Gadus,Gadus,125732,Gadidae,Gadiformes,Teleostei,Fish
P. cod,Gadus macrocephalus,Gadus macrocephalus,254538,Gadidae,Gadiformes,Teleostei,Fish
Pcod,Gadus macrocephalus,Gadus macrocephalus,254538,Gadidae,Gadiformes,Teleostei,Fish
pcod,Gadus macrocephalus,Gadus macrocephalus,254538,Gadidae,Gadiformes,Teleostei,Fish
P-cod,Gadus macrocephalus,Gadus macrocephalus,254538,Gadidae,Gadiformes,Teleostei,Fish
pollock,Gadus chalcogrammus,Gadus chalcogrammus,300735,Gadidae,Gadiformes,Teleostei,Fish
Pollock,Gadus chalcogrammus,Gadus chalcogrammus,300735,Gadidae,Gadiformes,Teleostei,Fish
Theragra chalcogramma,Gadus chalcogrammus,Gadus chalcogrammus,300735,Gadidae,Gadiformes,Teleostei,Fish
Unid. Gadiid,Gadus,Gadus,125732,Gadidae,Gadiformes,Teleostei,Fish
Unid. Gadoid,Gadus,Gadus,125732,Gadidae,Gadiformes,Teleostei,Fish
Berryteuthis magister,Berryteuthis magister,Berryteuthis magister,342286,Gonatidae,Oegopsida,Cephalopoda,Other
Gorgonocephalus eucnemis (basket star),Gorgonocephalus eucnemis,Gorgonocephalus eucnemis,124969,Gorgonocephalidae,Euryalida,Ophiuroidea,Other
Bigmouth sculpin,Hemitripterus bolini,Hemitripterus bolini,254541,Hemitripteridae,Perciformes,Teleostei,Fish
Hemitripterus bolini,Hemitripterus bolini,Hemitripterus bolini,254541,Hemitripteridae,Perciformes,Teleostei,Fish
Hemitripterus bolini (big mouth sculpin),Hemitripterus bolini,Hemitripterus bolini,254541,Hemitripteridae,Perciformes,Teleostei,Fish
Atka,Pleurogrammus monopterygius,Pleurogrammus monopterygius,282289,Hexagrammidae,Perciformes,Teleostei,Fish
Atka Mackeral,Pleurogrammus monopterygius,Pleurogrammus monopterygius,282289,Hexagrammidae,Perciformes,Teleostei,Fish
Atka mackerel,Pleurogrammus monopterygius,Pleurogrammus monopterygius,282289,Hexagrammidae,Perciformes,Teleostei,Fish
Atka Mackerel,Pleurogrammus monopterygius,Pleurogrammus monopterygius,282289,Hexagrammidae,Perciformes,Teleostei,Fish
Atka male,Pleurogrammus monopterygius,Pleurogrammus monopterygius,282289,Hexagrammidae,Perciformes,Teleostei,Fish
Atka unid,Pleurogrammus monopterygius,Pleurogrammus monopterygius,282289,Hexagrammidae,Perciformes,Teleostei,Fish
Greenling,Hexagrammidae,Hexagrammidae,154415,Hexagrammidae,Perciformes,Teleostei,Fish
greenling,Hexagrammidae,Hexagrammidae,154415,Hexagrammidae,Perciformes,Teleostei,Fish
Greenling sp.,Hexagrammidae,Hexagrammidae,154415,Hexagrammidae,Perciformes,Teleostei,Fish
Hexagrammidae,Hexagrammidae,Hexagrammidae,154415,Hexagrammidae,Perciformes,Teleostei,Fish
Hexagrammidae (greenling unid),Hexagrammidae,Hexagrammidae,154415,Hexagrammidae,Perciformes,Teleostei,Fish
Hexagrammos decagrammus,Hexagrammos decagrammus,Hexagrammos decagrammus,240732,Hexagrammidae,Perciformes,Teleostei,Fish
kelp greenling,Hexagrammos decagrammus,Hexagrammos decagrammus,240732,Hexagrammidae,Perciformes,Teleostei,Fish
Kelp Greenling,Hexagrammos decagrammus,Hexagrammos decagrammus,240732,Hexagrammidae,Perciformes,Teleostei,Fish
Kelp Greenling (female),Hexagrammos decagrammus,Hexagrammos decagrammus,240732,Hexagrammidae,Perciformes,Teleostei,Fish
Kelp Greenling (male),Hexagrammos decagrammus,Hexagrammos decagrammus,240732,Hexagrammidae,Perciformes,Teleostei,Fish
Lingcod,Ophiodon elongatus,Ophiodon elongatus,240745,Hexagrammidae,Perciformes,Teleostei,Fish
Ophiodon elongatus,Ophiodon elongatus,Ophiodon elongatus,240745,Hexagrammidae,Perciformes,Teleostei,Fish
Pleurogrammus momopterygius,Pleurogrammus monopterygius,Pleurogrammus monopterygius,282289,Hexagrammidae,Perciformes,Teleostei,Fish
Pleurogrammus monopterygius,Pleurogrammus monopterygius,Pleurogrammus monopterygius,282289,Hexagrammidae,Perciformes,Teleostei,Fish
Pleurogrammus monopterygius (Atka mackerel),Pleurogrammus monopterygius,Pleurogrammus monopterygius,282289,Hexagrammidae,Perciformes,Teleostei,Fish
Rock Greenling,Hexagrammos lagocephalus,Hexagrammos lagocephalus,240735,Hexagrammidae,Perciformes,Teleostei,Fish
Unid. Greenling,Hexagrammidae,Hexagrammidae,154415,Hexagrammidae,Perciformes,Teleostei,Fish
Icosteus aenigmaticus (ragfish),Icosteus aenigmaticus,Icosteus aenigmaticus,281153,Icosteidae,Scombriformes,Teleostei,Fish
Bamboo coral,Keratoisididae,Keratoisididae,1544106,Keratoisididae,Scleralcyonacea,Octocorallia,Coral
Horizontal Isididae,Keratoisididae,Keratoisididae,1544106,Keratoisididae,Scleralcyonacea,Octocorallia,Coral
Isidella (bamboo coral),Isidella,Isidella,125305,Keratoisididae,Scleralcyonacea,Octocorallia,Coral
Isidella cf. tentaculum,Isidella tentaculum,Isidella tentaculum,582522,Keratoisididae,Scleralcyonacea,Octocorallia,Coral
Isidella sp,Isidella,Isidella,125305,Keratoisididae,Scleralcyonacea,Octocorallia,Coral
Isidella tentaculum,Isidella tentaculum,Isidella tentaculum,582522,Keratoisididae,Scleralcyonacea,Octocorallia,Coral
Isididae,Keratoisididae,Keratoisididae,1544106,Keratoisididae,Scleralcyonacea,Octocorallia,Coral
Isididae (bamboo coral),Keratoisididae,Keratoisididae,1544106,Keratoisididae,Scleralcyonacea,Octocorallia,Coral
Isididae (bamboo),Keratoisididae,Keratoisididae,1544106,Keratoisididae,Scleralcyonacea,Octocorallia,Coral
Isididae horizontal,Keratoisididae,Keratoisididae,1544106,Keratoisididae,Scleralcyonacea,Octocorallia,Coral
Isididae sp.,Keratoisididae,Keratoisididae,1544106,Keratoisididae,Scleralcyonacea,Octocorallia,Coral
Isidiidae,Keratoisididae,Keratoisididae,1544106,Keratoisididae,Scleralcyonacea,Octocorallia,Coral
Keratoisididae,Keratoisididae,Keratoisididae,1544106,Keratoisididae,Scleralcyonacea,Octocorallia,Coral
Keratoisididae dead,Keratoisididae,Keratoisididae,1544106,Keratoisididae,Scleralcyonacea,Octocorallia,Coral
Keratoisididae Dead,Keratoisididae,Keratoisididae,1544106,Keratoisididae,Scleralcyonacea,Octocorallia,Coral
Keratoisis sp,Keratoisis,Keratoisis,125306,Keratoisididae,Scleralcyonacea,Octocorallia,Coral
Keratoisis sp. (Bamboo coral),Keratoisis,Keratoisis,125306,Keratoisididae,Scleralcyonacea,Octocorallia,Coral
Keratoisis sp. (coral),Keratoisis,Keratoisis,125306,Keratoisididae,Scleralcyonacea,Octocorallia,Coral
Keratoisis sp.(Bamboo coral),Keratoisis,Keratoisis,125306,Keratoisididae,Scleralcyonacea,Octocorallia,Coral
Allocareproctus sp.,Allocareproctus,Allocareproctus,268260,Liparidae,Perciformes,Teleostei,Fish
Caroproctus furcellus,Careproctus furcellus,Careproctus furcellus,254548,Liparidae,Perciformes,Teleostei,Fish
Elassodiscus caudatus,Elassodiscus caudatus,Elassodiscus caudatus,280629,Liparidae,Perciformes,Teleostei,Fish
Liparidae,Liparidae,Liparidae,234519,Liparidae,Perciformes,Teleostei,Fish
Liparidae (snailfish unid),Liparidae,Liparidae,234519,Liparidae,Perciformes,Teleostei,Fish
Snailfish unid,Liparidae,Liparidae,234519,Liparidae,Perciformes,Teleostei,Fish
Snailfish Unid.,Liparidae,Liparidae,234519,Liparidae,Perciformes,Teleostei,Fish
Unid. Snailfish,Liparidae,Liparidae,234519,Liparidae,Perciformes,Teleostei,Fish
Liponema brevicornis,Liponema brevicornis,Liponema brevicorne,283700,Liponematidae,Actiniaria,Hexacorallia,Other
Liponema brevicornis (Big pink sea anemone),Liponema brevicornis,Liponema brevicorne,283700,Liponematidae,Actiniaria,Hexacorallia,Other
Liponema brevicornis (sea anemone),Liponema brevicornis,Liponema brevicorne,283700,Liponematidae,Actiniaria,Hexacorallia,Other
mounding sea anemone,Liponema brevicornis,Liponema brevicorne,283700,Liponematidae,Actiniaria,Hexacorallia,Other
Golden King Crab,Lithodes aequispinus,Lithodes aequispinus,550622,Lithodidae,Decapoda,Malacostraca,Crab
King crab,Lithodes,Lithodes,106845,Lithodidae,Decapoda,Malacostraca,Crab
King crab unid.,Lithodes,Lithodes,106845,Lithodidae,Decapoda,Malacostraca,Crab
Lithodes aequispinus,Lithodes aequispinus,Lithodes aequispinus,550622,Lithodidae,Decapoda,Malacostraca,Crab
Lithodes aequispinus (golden king),Lithodes aequispinus,Lithodes aequispinus,550622,Lithodidae,Decapoda,Malacostraca,Crab
Lithodes couesi,Lithodes couesi,Lithodes couesi,550625,Lithodidae,Decapoda,Malacostraca,Crab
Lithodes couesi (scarlet king),Lithodes couesi,Lithodes couesi,550625,Lithodidae,Decapoda,Malacostraca,Crab
Lithodes sp,Lithodes,Lithodes,106845,Lithodidae,Decapoda,Malacostraca,Crab
Lithodes sp.,Lithodes,Lithodes,106845,Lithodidae,Decapoda,Malacostraca,Crab
Lithodidae,Lithodes,Lithodes,106845,Lithodidae,Decapoda,Malacostraca,Crab
Lithodoidae,Lithodes,Lithodes,106845,Lithodidae,Decapoda,Malacostraca,Crab
Lithodoidae (king crab),Lithodes,Lithodes,106845,Lithodidae,Decapoda,Malacostraca,Crab
Lopholithodes,Lopholithodes,Echidnocerus,378124,Lithodidae,Decapoda,Malacostraca,Crab
Lopholithodes foraminatus,Lopholithodes foraminatus,Lopholithodes foraminatus,378125,Lithodidae,Decapoda,Malacostraca,Crab
Paralithodes sp,Paralithodes,Paralithodes,106847,Lithodidae,Decapoda,Malacostraca,Crab
Paralithodes sp.,Paralithodes,Paralithodes,106847,Lithodidae,Decapoda,Malacostraca,Crab
Scarlet King Crab,Lithodes couesi,Lithodes couesi,550625,Lithodidae,Decapoda,Malacostraca,Crab
 Macrouridae (grenadier unid),Macrouridae,Macrouridae,125471,Macrouridae,Gadiformes,Teleostei,Fish
Albatrossia pectoralis,Albatrossia pectoralis,Albatrossia pectoralis,236135,Macrouridae,Gadiformes,Teleostei,Fish
Albatrossia pectoralis (giant gren),Albatrossia pectoralis,Albatrossia pectoralis,236135,Macrouridae,Gadiformes,Teleostei,Fish
Albatrossia pectoralis (giant grenadier),Albatrossia pectoralis,Albatrossia pectoralis,236135,Macrouridae,Gadiformes,Teleostei,Fish
Coryphaenoides acrolepis,Coryphaenoides acrolepis,Coryphaenoides acrolepis,272313,Macrouridae,Gadiformes,Teleostei,Fish
Coryphaenoides cinereus,Coryphaenoides cinereus,Coryphaenoides cinereus,272326,Macrouridae,Gadiformes,Teleostei,Fish
Coryphaenoides cinereus (Popeye grenadier),Coryphaenoides cinereus,Coryphaenoides cinereus,272326,Macrouridae,Gadiformes,Teleostei,Fish
Coryphaenoides cinereus (popeye),Coryphaenoides cinereus,Coryphaenoides cinereus,272326,Macrouridae,Gadiformes,Teleostei,Fish
Coryphaenoides cinerus,Coryphaenoides cinereus,Coryphaenoides cinereus,272326,Macrouridae,Gadiformes,Teleostei,Fish
Coryphaenoides sp,Coryphaenoides,Coryphaenoides,125748,Macrouridae,Gadiformes,Teleostei,Fish
Giant grenadier,Albatrossia pectoralis,Albatrossia pectoralis,236135,Macrouridae,Gadiformes,Teleostei,Fish
Grenadier unid,Macrouridae,Macrouridae,125471,Macrouridae,Gadiformes,Teleostei,Fish
Macrouridae,Macrouridae,Macrouridae,125471,Macrouridae,Gadiformes,Teleostei,Fish
Macrouridae (grenadier unid),Macrouridae,Macrouridae,125471,Macrouridae,Gadiformes,Teleostei,Fish
Macrouridae (grenadier),Macrouridae,Macrouridae,125471,Macrouridae,Gadiformes,Teleostei,Fish
Pacific grenadier,Coryphaenoides acrolepis,Coryphaenoides acrolepis,272313,Macrouridae,Gadiformes,Teleostei,Fish
Popeye grenadier,Coryphaenoides cinereus,Coryphaenoides cinereus,272326,Macrouridae,Gadiformes,Teleostei,Fish
Alaskagorgia aleutiana,Alaskagorgia aleutiana,Alaskagorgia aleutiana,289377,Malacalcyonacea incertae sedis,Malacalcyonacea,Octocorallia,Coral
Alaskagorgia/Cryogorgia,Alaskagorgia,Alaskagorgia,267210,Malacalcyonacea incertae sedis,Malacalcyonacea,Octocorallia,Coral
Calcigorgia,Calcigorgia,Calcigorgia,378315,Malacalcyonacea incertae sedis,Malacalcyonacea,Octocorallia,Coral
Calcigorgia beringi,Calcigorgia beringi,Calcigorgia beringi,520678,Malacalcyonacea incertae sedis,Malacalcyonacea,Octocorallia,Coral
Calcigorgia sp,Calcigorgia,Calcigorgia,378315,Malacalcyonacea incertae sedis,Malacalcyonacea,Octocorallia,Coral
calcigorgia sp,Calcigorgia,Calcigorgia,378315,Malacalcyonacea incertae sedis,Malacalcyonacea,Octocorallia,Coral
Calcigorgia sp.,Calcigorgia,Calcigorgia,378315,Malacalcyonacea incertae sedis,Malacalcyonacea,Octocorallia,Coral
Calcigorgia sp. (coral),Calcigorgia,Calcigorgia,378315,Malacalcyonacea incertae sedis,Malacalcyonacea,Octocorallia,Coral
Calcigorgia spiculifera,Calcigorgia spiculifera,Calcigorgia spiculifera,378316,Malacalcyonacea incertae sedis,Malacalcyonacea,Octocorallia,Coral
Cryogorgia koolsae,Cryogorgia koolsae,Cryogorgia koolsae,289747,Malacalcyonacea incertae sedis,Malacalcyonacea,Octocorallia,Coral
Cryogorgia sp.,Cryogorgia,Cryogorgia,267349,Malacalcyonacea incertae sedis,Malacalcyonacea,Octocorallia,Coral
Antimora microlepis,Antimora microlepis,Antimora microlepis,272460,Moridae,Gadiformes,Teleostei,Fish
Munida quadrispina,Munida quadrispina,Grimothea quadrispina,392422,Munididae,Decapoda,Malacostraca,Other
Diaphus theta,Diaphus theta,Diaphus theta,272694,Myctophidae,Myctophiformes,Teleostei,Fish
Lampanyctus sp,Lampanyctus sp,Lampanyctus sp,125825,Myctophidae,Myctophiformes,Teleostei,Fish
Myctophidae,Myctophidae,Myctophidae,125498,Myctophidae,Myctophiformes,Teleostei,Fish
Alcyonacea,Octocorallia,Octocorallia,1365,NA,Alcyonacea,Octocorallia,Soft coral
Alcyonacea Unid.,Alcyonacea,Octocorallia,1365,NA,Alcyonacea,Octocorallia,Soft coral
Antipatharia,Antipatharia,Antipatharia,22549,NA,Antipatharia,Hexacorallia,Coral
Antipatharia (order) unidentified,Antipatharia,Antipatharia,22549,NA,Antipatharia,Hexacorallia,Coral
Antipatharia dead,Antipatharia,Antipatharia,22549,NA,Antipatharia,Hexacorallia,Coral
Ask Rachel,NA,NA,NA,NA,NA,NA,Check ID
Asteroidea,Asteroidea,Asteroidea,123080,NA,NA,Asteroidea,Other
Asteroidea (sea star),Asteroidea,Asteroidea,123080,NA,NA,Asteroidea,Other
Calcarea,Calcarea,Calcarea,559,NA,NA,Calcarea,Sponge
Cephalopod,Cephalopoda,Cephalopoda,11707,NA,NA,Cephalopoda,Other
Cephalopoda,Cephalopoda,Cephalopoda,11707,NA,NA,Cephalopoda,Other
Check ID,NA,NA,NA,NA,NA,NA,Check ID
check ID,NA,NA,NA,NA,NA,NA,Check ID
Clupeiformes,Clupeiformes,Clupeiformes,10297,NA,Clupeiformes,Teleostei,Fish
Unid. Clupeiformes,Clupeiformes,Clupeiformes,10297,NA,Clupeiformes,Teleostei,Fish
CORAL,Gorgonacea,Octocorallia,1366,NA,Gorgonacea,Octocorallia,Coral
Coral dead,Gorgonacea,Octocorallia,1366,NA,Gorgonacea,Octocorallia,Coral
Scleralcyonacea,Scleralcyonacea,Scleralcyonacea,1609355,NA,Scleralcyonacea,Octocorallia,Soft coral
Cottoidei,Cottoidei,Cottoidei,154417,NA,Perciformes,Teleostei,Fish
Crab unid,Decapoda,Decapoda,1130,NA,Decapoda,Malacostraca,Crab
crab unid,Decapoda,Decapoda,1130,NA,Decapoda,Malacostraca,Crab
Crab Unid,Decapoda,Decapoda,1130,NA,Decapoda,Malacostraca,Crab
damaged coral,Gorgonacea,Octocorallia,1366,NA,Gorgonacea,Octocorallia,Coral
Decapoda,Decapoda,Decapoda,1130,NA,Decapoda,Malacostraca,Crab
Decapoda (crab),Decapoda,Decapoda,1130,NA,Decapoda,Malacostraca,Crab
Decapodiformes (squid/octopus unid,Decapodiformes,Decapodiformes,325342,NA,NA,Cephalopoda,Other
Decopod (crab unid),Decapoda,Decapoda,1130,NA,Decapoda,Malacostraca,Crab
Demosponge,Demospongiae,Demospongiae,164811,NA,NA,Demospongiae,Sponge
demosponge,Demospongiae,Demospongiae,164811,NA,NA,Demospongiae,Sponge
Demosponge - dead/fallen over,Demospongiae,Demospongiae,164811,NA,NA,Demospongiae,Sponge
Demosponge dead/horizontal,Demospongiae,Demospongiae,164811,NA,NA,Demospongiae,Sponge
Demosponge sp.,Demospongiae,Demospongiae,164811,NA,NA,Demospongiae,Sponge
Demosponge unid,Demospongiae,Demospongiae,164811,NA,NA,Demospongiae,Sponge
Demosponge unidentified,Demospongiae,Demospongiae,164811,NA,NA,Demospongiae,Sponge
"Demospongia -fallen over, branching",Demospongiae,Demospongiae,164811,NA,NA,Demospongiae,Sponge
Demospongiae,Demospongiae,Demospongiae,164811,NA,NA,Demospongiae,Sponge
Demospongiae upright,Demospongiae,Demospongiae,164811,NA,NA,Demospongiae,Sponge
"Demospongia-fallen over, branching",Demospongiae,Demospongiae,164811,NA,NA,Demospongiae,Sponge
derelict fishing gear,derelict fishing gear,NA,NA,NA,NA,NA,Other
Dying Demosponge,Demospongiae,Demospongiae,164811,NA,NA,Demospongiae,Sponge
Dying Hexactinellid,Hexactinellida,Hexactinellida,22612,NA,NA,Hexactinellida,Sponge
Dying Porifera,Porifera,Porifera,558,NA,NA,NA,Sponge
Fish,Teleostei,Teleostei,293496,NA,NA,Teleostei,Fish
FISH,Teleostei,Teleostei,293496,NA,NA,Teleostei,Fish
Fish unid,Teleostei,Teleostei,293496,NA,NA,Teleostei,Fish
Fish Unid,Teleostei,Teleostei,293496,NA,NA,Teleostei,Fish
fish unid,Teleostei,Teleostei,293496,NA,NA,Teleostei,Fish
fish unid.,Teleostei,Teleostei,293496,NA,NA,Teleostei,Fish
Fish Unid.,Teleostei,Teleostei,293496,NA,NA,Teleostei,Fish
flatfish,Pleuronectiformes,Pleuronectiformes,10331,NA,Pleuronectiformes,Teleostei,Fish
Flatfish sp.,Pleuronectiformes,Pleuronectiformes,10331,NA,Pleuronectiformes,Teleostei,Fish
Flatfish Unid,Pleuronectiformes,Pleuronectiformes,10331,NA,Pleuronectiformes,Teleostei,Fish
Flatfish unid,Pleuronectiformes,Pleuronectiformes,10331,NA,Pleuronectiformes,Teleostei,Fish
flatfish unid,Pleuronectiformes,Pleuronectiformes,10331,NA,Pleuronectiformes,Teleostei,Fish
Flatfish unid.,Pleuronectiformes,Pleuronectiformes,10331,NA,Pleuronectiformes,Teleostei,Fish
flatfish unid.,Pleuronectiformes,Pleuronectiformes,10331,NA,Pleuronectiformes,Teleostei,Fish
Flatfish Unid.,Pleuronectiformes,Pleuronectiformes,10331,NA,Pleuronectiformes,Teleostei,Fish
Garbage,NA,NA,NA,NA,NA,NA,Other
"Garbage, crab pot escape port",NA,NA,NA,NA,NA,NA,Other
Gorgonacea,Gorgonacea,Octocorallia,1366,NA,Gorgonacea,Octocorallia,Coral
Gorgonacea (unidentified),Gorgonacea,Octocorallia,1366,NA,Gorgonacea,Octocorallia,Coral
HeightOffBottom,NA,NA,NA,NA,NA,NA,Scene
Hexactinellid,Hexactinellida,Hexactinellida,22612,NA,NA,Hexactinellida,Sponge
Hexactinellid sp.,Hexactinellida,Hexactinellida,22612,NA,NA,Hexactinellida,Sponge
Hexactinellid sponge,Hexactinellida,Hexactinellida,22612,NA,NA,Hexactinellida,Sponge
hexactinellid sponge,Hexactinellida,Hexactinellida,22612,NA,NA,Hexactinellida,Sponge
Hexactinellid sponge unidentified,Hexactinellida,Hexactinellida,22612,NA,NA,Hexactinellida,Sponge
Hexactinellida,Hexactinellida,Hexactinellida,22612,NA,NA,Hexactinellida,Sponge
Hexactinellida upright,Hexactinellida,Hexactinellida,22612,NA,NA,Hexactinellida,Sponge
Hexactinellida upright dead,Hexactinellida,Hexactinellida,22612,NA,NA,Hexactinellida,Sponge
Hexactinellidae,Hexactinellida,Hexactinellida,22612,NA,NA,Hexactinellida,Sponge
Hexacorallia unid,Hexacorallia,Hexacorallia,1340,NA,NA,Hexacorallia,Soft coral
Holothuroidea (sea cucumber),Holothuroidea,Holothuroidea,123083,NA,NA,Holothuroidea,Other
Horizantal Demosponge,Demospongiae,Demospongiae,164811,NA,NA,Demospongiae,Sponge
Hydroid,Hydrozoa,Hydrozoa,1337,NA,NA,Hydrozoa,Other
Longline,NA,NA,NA,NA,NA,NA,Other
longline gear,longline gear,NA,NA,NA,NA,NA,Other
Malacalcyonacea,Malacalcyonacea,Malacalcyonacea,1609357,NA,Malacalcyonacea,Octocorallia,Coral
marine debris,marine debris,NA,NA,NA,NA,NA,Other
Neptheidae sp,Alcyonacea,Octocorallia,1365,NA,Alcyonacea,Octocorallia,Soft coral
Nudibranch,Nudibranchia,Nudibranchia,1762,NA,Nudibranchia,Gastropoda,Other
nudibranch,Nudibranchia,Nudibranchia,1762,NA,Nudibranchia,Gastropoda,Other
Nudibranchia,Nudibranchia,Nudibranchia,1762,NA,Nudibranchia,Gastropoda,Other
Octocorallia,Octocorallia,Octocorallia,1341,NA,NA,Octocorallia,Coral
Octopoda,Octopoda,Octopoda,11718,NA,Octopoda,Cephalopoda,Other
other,NA,NA,NA,NA,NA,NA,Other
Other,NA,NA,NA,NA,NA,NA,Other
Pennatulacea,Pennatulacea,Pennatuloidea,1367,NA,Pennatulacea,Octocorallia,Pennatulacean
Pennatulacean,Pennatulacea,Pennatuloidea,1367,NA,Pennatulacea,Octocorallia,Pennatulacean
Pennatulacean?,Pennatulacea,Pennatuloidea,1367,NA,Pennatulacea,Octocorallia,Pennatulacean
Pennatulidae,Pennatulacea,Pennatuloidea,1367,NA,Pennatulacea,Octocorallia,Pennatulacean
Pleuronectiformes,Pleuronectiformes,Pleuronectiformes,10331,NA,Pleuronectiformes,Teleostei,Fish
Pleuronectiformes (flatfish),Pleuronectiformes,Pleuronectiformes,10331,NA,Pleuronectiformes,Teleostei,Fish
Point1,NA,NA,NA,NA,NA,NA,Scene
Point10,NA,NA,NA,NA,NA,NA,Scene
Point2,NA,NA,NA,NA,NA,NA,Scene
Point3,NA,NA,NA,NA,NA,NA,Scene
Point4,NA,NA,NA,NA,NA,NA,Scene
Point5,NA,NA,NA,NA,NA,NA,Scene
Point6,NA,NA,NA,NA,NA,NA,Scene
Point7,NA,NA,NA,NA,NA,NA,Scene
Point8,NA,NA,NA,NA,NA,NA,Scene
Point9,NA,NA,NA,NA,NA,NA,Scene
Porifera,Porifera,Porifera,558,NA,NA,NA,Sponge
Porifera (sponge unid),Porifera,Porifera,558,NA,NA,NA,Sponge
Porifera upright,Porifera,Porifera,558,NA,NA,NA,Sponge
Porifera upright dead,Porifera,Porifera,558,NA,NA,NA,Sponge
Pteropod?,Opisthobranchia,Opisthobranchia,382226,NA,NA,Gastropoda,Other
Pycnogonid,Pycnogonida,Pycnogonida,1302,NA,NA,Pycnogonida,Other
Pycnogonida (sea spider),Pycnogonida,Pycnogonida,1302,NA,NA,Pycnogonida,Other
roundfish unid,Teleostei,Teleostei,293496,NA,NA,Teleostei,Fish
roundfish unid.,Teleostei,Teleostei,293496,NA,NA,Teleostei,Fish
SceneMeasurement,NA,NA,NA,NA,NA,NA,Scene
SceneRange,NA,NA,NA,NA,NA,NA,Scene
Scleractinia,Scleractinia,Scleractinia,1363,NA,Scleractinia,Hexacorallia,Soft coral
Sea cucumber,Holothuroidea,Holothuroidea,123083,NA,NA,Holothuroidea,Other
Sea urchin,Echinoidea,Echinoidea,123082,NA,NA,Echinoidea,Other
Shrimp Unid.,Caridea,Caridea,106674,NA,Decapoda,Malacostraca,Other
Sponge dead,Porifera,Porifera,558,NA,NA,NA,Sponge
Squid,Cephalopoda,Cephalopoda,11707,NA,NA,Cephalopoda,Other
squid,Cephalopoda,Cephalopoda,11707,NA,NA,Cephalopoda,Other
Squid unid.,Cephalopoda,Cephalopoda,11707,NA,NA,Cephalopoda,Other
squid unid.,Cephalopoda,Cephalopoda,11707,NA,NA,Cephalopoda,Other
Starfish Unid,Asteroidea,Asteroidea,123080,NA,NA,Asteroidea,Other
trawl tracks,trawl tracks,NA,NA,NA,NA,NA,Other
Unid Crab,Decapoda,Decapoda,1130,NA,Decapoda,Malacostraca,Crab
Unid Fish,Teleostei,Teleostei,293496,NA,NA,Teleostei,Fish
Unid Gorgonian,Gorgonacea,Octocorallia,1366,NA,Gorgonacea,Octocorallia,Coral
Unid. Crab,Decapoda,Decapoda,1130,NA,Decapoda,Malacostraca,Crab
Unid. Fish,Teleostei,Teleostei,293496,NA,NA,Teleostei,Fish
Unid. Flatfish,Pleuronectiformes,Pleuronectiformes,10331,NA,Pleuronectiformes,Teleostei,Fish
Unid. Gorgonian,Gorgonacea,Octocorallia,1366,NA,Gorgonacea,Octocorallia,Coral
Unid. Octocoral,Gorgonacea,Octocorallia,1366,NA,Gorgonacea,Octocorallia,Coral
Unid. Pennatulacea,Pennatulacea,Pennatuloidea,1367,NA,Pennatulacea,Octocorallia,Pennatulacean
Unid. Pennatulacean,Pennatulacea,Pennatuloidea,1367,NA,Pennatulacea,Octocorallia,Pennatulacean
Unid. Roundfish,Teleostei,Teleostei,293496,NA,NA,Teleostei,Fish
Upright Calcarea,Calcarea,Calcarea,559,NA,NA,Calcarea,Sponge
Upright Clacarea,Calcarea,Calcarea,559,NA,NA,Calcarea,Sponge
Upright Demo Ball,Demospongiae,Demospongiae,164811,NA,NA,Demospongiae,Sponge
Upright Demo Ball ,Demospongiae,Demospongiae,164811,NA,NA,Demospongiae,Sponge
Upright Demosponge,Demospongiae,Demospongiae,164811,NA,NA,Demospongiae,Sponge
Upright demosponge,Demospongiae,Demospongiae,164811,NA,NA,Demospongiae,Sponge
Upright Demospongia,Demospongiae,Demospongiae,164811,NA,NA,Demospongiae,Sponge
Upright Hexactinellid,Hexactinellida,Hexactinellida,22612,NA,NA,Hexactinellida,Sponge
Upright Hexactinellidae,Hexactinellida,Hexactinellida,22612,NA,NA,Hexactinellida,Sponge
whale fall,whale fall,NA,NA,NA,NA,NA,Other
Zoarcoidei,Zoarcoidei,Zoarcoidei,151739,NA,Perciformes,Teleostei,Fish
Zoantharia,Zoantharia,Zoantharia,607338,NA,Zoantharia,Hexacorallia,Soft coral
Octopus,Octopodidae,Octopodidae,11782,Octopodidae,Octopoda,Cephalopoda,Other
octopus,Octopodidae,Octopodidae,11782,Octopodidae,Octopoda,Cephalopoda,Other
Octopus unid,Octopodidae,Octopodidae,11782,Octopodidae,Octopoda,Cephalopoda,Other
Octopus Unid.,Octopodidae,Octopodidae,11782,Octopodidae,Octopoda,Cephalopoda,Other
OCTOPUS!!!!,Octopodidae,Octopodidae,11782,Octopodidae,Octopoda,Cephalopoda,Other
Dumbo octopus,Opisthoteuthis,Opisthoteuthis,138294,Opisthoteuthidae,Octopoda,Cephalopoda,Other
Opisthoteuthis californiana,Opisthoteuthis californiana,Opisthoteuthis californiana,342092,Opisthoteuthidae,Octopoda,Cephalopoda,Other
Opisthoteuthis californiana (flapjack devilfish),Opisthoteuthis californiana,Opisthoteuthis californiana,342092,Opisthoteuthidae,Octopoda,Cephalopoda,Other
Opisthoteuthis sp (flapjack octopus),Opisthoteuthis,Opisthoteuthis,138294,Opisthoteuthidae,Octopoda,Cephalopoda,Other
Bairdi Tanner Crab,Chionoecetes bairdi,Chionoecetes bairdi,368558,Oregoniidae,Decapoda,Malacostraca,Crab
Chionecetes bairdi,Chionoecetes,Chionoecetes,106898,Oregoniidae,Decapoda,Malacostraca,Crab
Chionecetes sp,Chionoecetes,Chionoecetes,106898,Oregoniidae,Decapoda,Malacostraca,Crab
Chionecetes sp.,Chionoecetes,Chionoecetes,106898,Oregoniidae,Decapoda,Malacostraca,Crab
Chionocetes sp.,Chionoecetes,Chionoecetes,106898,Oregoniidae,Decapoda,Malacostraca,Crab
Chionoecetes sp,Chionoecetes,Chionoecetes,106898,Oregoniidae,Decapoda,Malacostraca,Crab
Chionoecetes sp.,Chionoecetes,Chionoecetes,106898,Oregoniidae,Decapoda,Malacostraca,Crab
Chionoecetes tanneri,Chionoecetes tanneri,Chionoecetes tanneri,442165,Oregoniidae,Decapoda,Malacostraca,Crab
Chionoecetes unid,Chionoecetes,Chionoecetes,106898,Oregoniidae,Decapoda,Malacostraca,Crab
Hyas or Oregonia (crab),Hyas,Hyas,106903,Oregoniidae,Decapoda,Malacostraca,Crab
Hyas sp,Hyas,Hyas,106903,Oregoniidae,Decapoda,Malacostraca,Crab
Hyas sp.,Hyas,Hyas,106903,Oregoniidae,Decapoda,Malacostraca,Crab
Oregoniidae,Oregoniidae,Oregoniidae,368557,Oregoniidae,Decapoda,Malacostraca,Crab
Oregoniidae (crab unid),Oregoniidae,Oregoniidae,368557,Oregoniidae,Decapoda,Malacostraca,Crab
Tanner crab,Chionoecetes,Chionoecetes,106898,Oregoniidae,Decapoda,Malacostraca,Crab
Tanner Crab,Chionoecetes,Chionoecetes,106898,Oregoniidae,Decapoda,Malacostraca,Crab
Tanner Crab Unid.,Chionoecetes,Chionoecetes,106898,Oregoniidae,Decapoda,Malacostraca,Crab
Unid. Tanner Crab,Chionoecetes,Chionoecetes,106898,Oregoniidae,Decapoda,Malacostraca,Crab
Capelin,Mallotus villosus,Mallotus villosus,126735,Osmeridae,Osmeriformes,Teleostei,Fish
Osmeridae,Osmeridae,Osmeridae,125513,Osmeridae,Osmeriformes,Teleostei,Fish
Smelt,Osmeridae,Osmeridae,125513,Osmeridae,Osmeriformes,Teleostei,Fish
Smelt Unid.,Osmeridae,Osmeridae,125513,Osmeridae,Osmeriformes,Teleostei,Fish
Elassochirus sp.,Elassochirus,Elassochirus,366319,Paguridae,Decapoda,Malacostraca,Other
Hermit Crab,Paguridae,Paguridae,106738,Paguridae,Decapoda,Malacostraca,Crab
Paguridae (hermit crab),Paguridae,Paguridae,106738,Paguridae,Decapoda,Malacostraca,Crab
Paguridae (hermit),Paguridae,Paguridae,106738,Paguridae,Decapoda,Malacostraca,Crab
Paguroidea,Paguridae,Paguridae,106738,Paguridae,Decapoda,Malacostraca,Crab
Paguroidea (hermit),Paguridae,Paguridae,106738,Paguridae,Decapoda,Malacostraca,Crab
Unid. hermit crab,Paguridae,Paguridae,106738,Paguridae,Decapoda,Malacostraca,Crab
Paragorgiidae,Paragorgiidae,Paragorgiidae,125281,Paragorgiidae,Scleralcyonacea,Octocorallia,Coral
Muriceides nigra,Muriceides nigra,Muriceides nigra,286365,Paramuriceidae,Malacalcyonacea,Octocorallia,Coral
Muriceides sp.,Muriceides,Muriceides,125310,Paramuriceidae,Malacalcyonacea,Octocorallia,Coral
Ptilosarcus gurneyi,Ptilosarcus gurneyi,Ptilosarcus gurneyi,290947,Pennatulidae,Scleralcyonacea,Octocorallia,Pennatulacean
Ptilosarcus gurneyii,Ptilosarcus gurneyi,Ptilosarcus gurneyi,290947,Pennatulidae,Scleralcyonacea,Octocorallia,Pennatulacean
Sea Pen,Ptilosarcus gurneyi,Ptilosarcus gurneyi,290947,Pennatulidae,Scleralcyonacea,Octocorallia,Pennatulacean
sea pen,Ptilosarcus gurneyi,Ptilosarcus gurneyi,290947,Pennatulidae,Scleralcyonacea,Octocorallia,Pennatulacean
Sea pen,Ptilosarcus gurneyi,Ptilosarcus gurneyi,290947,Pennatulidae,Scleralcyonacea,Octocorallia,Pennatulacean
Sea Pens,Ptilosarcus gurneyi,Ptilosarcus gurneyi,290947,Pennatulidae,Scleralcyonacea,Octocorallia,Pennatulacean
Sagamichthys abei,Sagamichthys abei,Sagamichthys abei,234630,Platytroctidae,Alepocephaliformes,Teleostei,Fish
Arrowtooth,Atheresthes stomias,Atheresthes stomias,279792,Pleuronectidae,Pleuronectiformes,Teleostei,Fish
arrowtooth flounder,Atheresthes stomias,Atheresthes stomias,279792,Pleuronectidae,Pleuronectiformes,Teleostei,Fish
Arrowtooth Flounder,Atheresthes stomias,Atheresthes stomias,279792,Pleuronectidae,Pleuronectiformes,Teleostei,Fish
ATF,Atheresthes stomias,Atheresthes stomias,279792,Pleuronectidae,Pleuronectiformes,Teleostei,Fish
Atheresthes sp,Atheresthes,Atheresthes,268428,Pleuronectidae,Pleuronectiformes,Teleostei,Fish
Atheresthes sp.,Atheresthes,Atheresthes,268428,Pleuronectidae,Pleuronectiformes,Teleostei,Fish
Atheresthes stomias,Atheresthes stomias,Atheresthes stomias,279792,Pleuronectidae,Pleuronectiformes,Teleostei,Fish
Atheresthes stomias (ATF),Atheresthes stomias,Atheresthes stomias,279792,Pleuronectidae,Pleuronectiformes,Teleostei,Fish
Deep sea sole,Embassichthys bathybius,Microstomus bathybius,280641,Pleuronectidae,Pleuronectiformes,Teleostei,Fish
Dover sole,Microstomus pacificus,Microstomus pacificus,274294,Pleuronectidae,Pleuronectiformes,Teleostei,Fish
Dover Sole,Microstomus pacificus,Microstomus pacificus,274294,Pleuronectidae,Pleuronectiformes,Teleostei,Fish
Embassichthys bathybius,Embassichthys bathybius,Microstomus bathybius,280641,Pleuronectidae,Pleuronectiformes,Teleostei,Fish
Embassichthys bathybius (deep sea sole),Embassichthys bathybius,Microstomus bathybius,280641,Pleuronectidae,Pleuronectiformes,Teleostei,Fish
Embassichthys bathybius (deepsea sole),Embassichthys bathybius,Microstomus bathybius,280641,Pleuronectidae,Pleuronectiformes,Teleostei,Fish
FHS,Hippoglossoides elassodon,Hippoglossoides elassodon,274289,Pleuronectidae,Pleuronectiformes,Teleostei,Fish
Flathead Sole,Hippoglossoides elassodon,Hippoglossoides elassodon,274289,Pleuronectidae,Pleuronectiformes,Teleostei,Fish
Flathead sole,Hippoglossoides elassodon,Hippoglossoides elassodon,274289,Pleuronectidae,Pleuronectiformes,Teleostei,Fish
Glyptocephalus zachirus,Glyptocephalus zachirus,Glyptocephalus zachirus,274287,Pleuronectidae,Pleuronectiformes,Teleostei,Fish
Glyptocephalus zachirus (rex sole),Glyptocephalus zachirus,Glyptocephalus zachirus,274287,Pleuronectidae,Pleuronectiformes,Teleostei,Fish
Greenland turbot,Reinhardtius hippoglossoides,Reinhardtius hippoglossoides,127144,Pleuronectidae,Pleuronectiformes,Teleostei,Fish
Halibut,Hippoglossus stenolepis,Hippoglossus stenolepis,274290,Pleuronectidae,Pleuronectiformes,Teleostei,Fish
halibut,Hippoglossus stenolepis,Hippoglossus stenolepis,274290,Pleuronectidae,Pleuronectiformes,Teleostei,Fish
Hippoglossidae,Hippoglossoides elassodon,Hippoglossoides elassodon,274289,Pleuronectidae,Pleuronectiformes,Teleostei,Fish
Hippoglossoides elassodon,Hippoglossoides elassodon,Hippoglossoides elassodon,274289,Pleuronectidae,Pleuronectiformes,Teleostei,Fish
Hippoglossoides elassodon (FHS),Hippoglossoides elassodon,Hippoglossoides elassodon,274289,Pleuronectidae,Pleuronectiformes,Teleostei,Fish
Hippoglossoides elassodon (flathead sole),Hippoglossoides elassodon,Hippoglossoides elassodon,274289,Pleuronectidae,Pleuronectiformes,Teleostei,Fish
Hippoglossus stenolepis,Hippoglossus stenolepis,Hippoglossus stenolepis,274290,Pleuronectidae,Pleuronectiformes,Teleostei,Fish
Hippoglossus stenolepis (P. halibut),Hippoglossus stenolepis,Hippoglossus stenolepis,274290,Pleuronectidae,Pleuronectiformes,Teleostei,Fish
Lepidopsetta bilineata,Lepidopsetta bilineata,Lepidopsetta bilineata,281305,Pleuronectidae,Pleuronectiformes,Teleostei,Fish
Lepidopsetta sp,Lepidopsetta,Lepidopsetta,269638,Pleuronectidae,Pleuronectiformes,Teleostei,Fish
Lepidopsetta sp.,Lepidopsetta,Lepidopsetta,269638,Pleuronectidae,Pleuronectiformes,Teleostei,Fish
Lyopsetta exilis,Lyopsetta exilis,Lyopsetta exilis,281452,Pleuronectidae,Pleuronectiformes,Teleostei,Fish
Microstomus pacificus,Microstomus pacificus,Microstomus pacificus,274294,Pleuronectidae,Pleuronectiformes,Teleostei,Fish
Microstomus pacificus (Dover),Microstomus pacificus,Microstomus pacificus,274294,Pleuronectidae,Pleuronectiformes,Teleostei,Fish
N. Rock Sole,Lepidopsetta,Lepidopsetta,269638,Pleuronectidae,Pleuronectiformes,Teleostei,Fish
P. Halibut,Hippoglossus stenolepis,Hippoglossus stenolepis,274290,Pleuronectidae,Pleuronectiformes,Teleostei,Fish
Pacific Halibut,Hippoglossus stenolepis,Hippoglossus stenolepis,274290,Pleuronectidae,Pleuronectiformes,Teleostei,Fish
Platichthys stellatus (starry),Platichthys stellatus,Platichthys stellatus,154781,Pleuronectidae,Pleuronectiformes,Teleostei,Fish
Pleuronectidae,Pleuronectidae,Pleuronectidae,125579,Pleuronectidae,Pleuronectiformes,Teleostei,Fish
Pleuronectidae (flatfish),Pleuronectidae,Pleuronectidae,125579,Pleuronectidae,Pleuronectiformes,Teleostei,Fish
Pleuronectidae (rteye flndr),Pleuronectidae,Pleuronectidae,125579,Pleuronectidae,Pleuronectiformes,Teleostei,Fish
Reinhardtius hippoglossoides,Reinhardtius hippoglossoides,Reinhardtius hippoglossoides,127144,Pleuronectidae,Pleuronectiformes,Teleostei,Fish
Reinhardtius hippoglossoides (Greenland halibut),Reinhardtius hippoglossoides,Reinhardtius hippoglossoides,127144,Pleuronectidae,Pleuronectiformes,Teleostei,Fish
Reinhardtius hippoglossoides (greenland halibut),Reinhardtius hippoglossoides,Reinhardtius hippoglossoides,127144,Pleuronectidae,Pleuronectiformes,Teleostei,Fish
Reinhardtius hippoglossoides (GTB),Reinhardtius hippoglossoides,Reinhardtius hippoglossoides,127144,Pleuronectidae,Pleuronectiformes,Teleostei,Fish
Rex sole,Glyptocephalus zachirus,Glyptocephalus zachirus,274287,Pleuronectidae,Pleuronectiformes,Teleostei,Fish
Rex Sole,Glyptocephalus zachirus,Glyptocephalus zachirus,274287,Pleuronectidae,Pleuronectiformes,Teleostei,Fish
rock sole,Lepidopsetta,Lepidopsetta,269638,Pleuronectidae,Pleuronectiformes,Teleostei,Fish
Rock sole,Lepidopsetta,Lepidopsetta,269638,Pleuronectidae,Pleuronectiformes,Teleostei,Fish
Rock Sole,Lepidopsetta,Lepidopsetta,269638,Pleuronectidae,Pleuronectiformes,Teleostei,Fish
Rocksole sp.,Lepidopsetta,Lepidopsetta,269638,Pleuronectidae,Pleuronectiformes,Teleostei,Fish
Starry Flounder,Platichthys stellatus,Platichthys stellatus,154781,Pleuronectidae,Pleuronectiformes,Teleostei,Fish
Unid. Rock Sole,Lepidopsetta,Lepidopsetta,269638,Pleuronectidae,Pleuronectiformes,Teleostei,Fish
Plexauridae,Plexauridae,Plexauridae,125277,Plexauridae,Malacalcyonacea,Octocorallia,Coral
Plexauridae (coral),Plexauridae,Plexauridae,125277,Plexauridae,Malacalcyonacea,Octocorallia,Coral
Plexauridae sp.,Plexauridae,Plexauridae,125277,Plexauridae,Malacalcyonacea,Octocorallia,Coral
Plexauridae/Acanthogorgiidae,Plexauridae,Plexauridae,125277,Plexauridae,Malacalcyonacea,Octocorallia,Coral
Plexauridae/Isidiidae,Plexauridae,Plexauridae,125277,Plexauridae,Malacalcyonacea,Octocorallia,Coral
Swiftia,Swiftia,Swiftia,125314,Plexauridae,Malacalcyonacea,Octocorallia,Coral
Swiftia pacifica,Swiftia,Swiftia,125314,Plexauridae,Malacalcyonacea,Octocorallia,Coral
Swiftia pacifica (coral),Swiftia pacifica,Callistephanus pacificus,1036537,Plexauridae,Malacalcyonacea,Octocorallia,Coral
Swiftia simplex,Swiftia simplex,Callistephanus simplex,1036547,Plexauridae,Malacalcyonacea,Octocorallia,Coral
Swiftia sp,Swiftia,Swiftia,125314,Plexauridae,Malacalcyonacea,Octocorallia,Coral
Swiftia sp.,Swiftia,Swiftia,125314,Plexauridae,Malacalcyonacea,Octocorallia,Coral
Amphilaphis sp.,Amphilaphis,Thouarella,267216,Primnoidae,Scleralcyonacea,Octocorallia,Coral
Arthrogorgia,Arthrogorgia,Arthrogorgia,267238,Primnoidae,Scleralcyonacea,Octocorallia,Coral
Arthrogorgia sp.,Arthrogorgia,Arthrogorgia,267238,Primnoidae,Scleralcyonacea,Octocorallia,Coral
Arthrogorgia sp. down,Arthrogorgia,Arthrogorgia,267238,Primnoidae,Scleralcyonacea,Octocorallia,Coral
Arthrogorgia/Fanellia,Arthrogorgia,Arthrogorgia,267238,Primnoidae,Scleralcyonacea,Octocorallia,Coral
Arthrogoria sp.,Arthrogorgia,Arthrogorgia,267238,Primnoidae,Scleralcyonacea,Octocorallia,Coral
Callogorgia sp,Callogorgia,Callogorgia,125317,Primnoidae,Scleralcyonacea,Octocorallia,Coral
Callogorgia sp.,Callogorgia sp.,Callogorgia,125317,Primnoidae,Scleralcyonacea,Octocorallia,Coral
Fanellia,Fanellia,Callogorgia,267434,Primnoidae,Scleralcyonacea,Octocorallia,Coral
Fanellia compressa,Fanellia compressa,Callogorgia compressa,289948,Primnoidae,Scleralcyonacea,Octocorallia,Coral
Fanellia sp.,Fanellia,Callogorgia,267434,Primnoidae,Scleralcyonacea,Octocorallia,Coral
Fanellia/Arthrogorgia,Fanellia,Callogorgia,267434,Primnoidae,Scleralcyonacea,Octocorallia,Coral
Faniella sp.,Fanellia,Callogorgia,267434,Primnoidae,Scleralcyonacea,Octocorallia,Coral
Parastenella sp,Parastenella,Parastenella,267700,Primnoidae,Scleralcyonacea,Octocorallia,Coral
Plumarella aleutiana,Plumarella aleutiana,Plumarella aleutiana,574236,Primnoidae,Scleralcyonacea,Octocorallia,Coral
Plumarella sp,Plumarella,Plumarella,177839,Primnoidae,Scleralcyonacea,Octocorallia,Coral
Plumarella sp (coral),Plumarella,Plumarella,177839,Primnoidae,Scleralcyonacea,Octocorallia,Coral
Plumarella sp.,Plumarella,Plumarella,177839,Primnoidae,Scleralcyonacea,Octocorallia,Coral
Plumarella spp (coral),Plumarella,Plumarella,177839,Primnoidae,Scleralcyonacea,Octocorallia,Coral
Plumarella superba,Plumarella superba,Plumarella superba,574237,Primnoidae,Scleralcyonacea,Octocorallia,Coral
Plumarella/Thouarella,Plumarella,Plumarella,177839,Primnoidae,Scleralcyonacea,Octocorallia,Coral
Primnoa,Primnoidae,Primnoidae,125278,Primnoidae,Scleralcyonacea,Octocorallia,Coral
primnoa,Primnoidae,Primnoidae,125278,Primnoidae,Scleralcyonacea,Octocorallia,Coral
Primnoa pacifica,Primnoa pacifica,Primnoa pacifica,286539,Primnoidae,Scleralcyonacea,Octocorallia,Coral
Primnoa sp,Primnoidae,Primnoidae,125278,Primnoidae,Scleralcyonacea,Octocorallia,Coral
Primnoa sp.,Primnoidae,Primnoidae,125278,Primnoidae,Scleralcyonacea,Octocorallia,Coral
Primnoidae dead,Primnoidae,Primnoidae,125278,Primnoidae,Scleralcyonacea,Octocorallia,Coral
Primnoa unid,Primnoidae,Primnoidae,125278,Primnoidae,Scleralcyonacea,Octocorallia,Coral
Primnoid coral unid,Primnoidae,Primnoidae,125278,Primnoidae,Scleralcyonacea,Octocorallia,Coral
Primnoidae,Primnoidae,Primnoidae,125278,Primnoidae,Scleralcyonacea,Octocorallia,Coral
Primnoidae (coral),Primnoidae,Primnoidae,125278,Primnoidae,Scleralcyonacea,Octocorallia,Coral
Thouarella sp.,Thouarella,Thouarella,125323,Primnoidae,Scleralcyonacea,Octocorallia,Coral
Thourella sp,Thouarella,Thouarella,125323,Primnoidae,Scleralcyonacea,Octocorallia,Coral
Thourella sp.,Thouarella,Thouarella,125323,Primnoidae,Scleralcyonacea,Octocorallia,Coral
Protoptilum sp.,Protoptilum,Protoptilum,128498,Protoptilidae,Scleralcyonacea,Octocorallia,Pennatulacean
Cottidae/Psychrolutae (sculpin unid),Psychrolutidae,Psychrolutidae,125594,Psychrolutidae,Perciformes,Teleostei,Fish
Cottidae/Psychrolutidae,Psychrolutidae,Psychrolutidae,125594,Psychrolutidae,Perciformes,Teleostei,Fish
Cottidae/Psychrolutidae (sculpin unid),Psychrolutidae,Psychrolutidae,125594,Psychrolutidae,Perciformes,Teleostei,Fish
Cottidae/Psychrolutidae (sculpin),Psychrolutidae,Psychrolutidae,125594,Psychrolutidae,Perciformes,Teleostei,Fish
Cottidae/Psychrolutidae (sculpins),Psychrolutidae,Psychrolutidae,125594,Psychrolutidae,Perciformes,Teleostei,Fish
Cottidae/Psychrolutidae (scuplin),Psychrolutidae,Psychrolutidae,125594,Psychrolutidae,Perciformes,Teleostei,Fish
Cottidae/Pyschrolutidae (sculpin),Psychrolutidae,Psychrolutidae,125594,Psychrolutidae,Perciformes,Teleostei,Fish
Darkfin Sculpin,Malacocottus zonurus,Malacocottus zonurus,254406,Psychrolutidae,Perciformes,Teleostei,Fish
Dasycottus setiger,Dasycottus setiger,Dasycottus setiger,280488,Psychrolutidae,Perciformes,Teleostei,Fish
Malacocottus sp.,Malacocottus zonurus,Malacocottus zonurus,254406,Psychrolutidae,Perciformes,Teleostei,Fish
Malacocottus zonerus,Malacocottus zonurus,Malacocottus zonurus,254406,Psychrolutidae,Perciformes,Teleostei,Fish
Malacocottus zonurus,Malacocottus zonurus,Malacocottus zonurus,254406,Psychrolutidae,Perciformes,Teleostei,Fish
Malacocottus zonurus (darkfin sculpin),Malacocottus zonurus,Malacocottus zonurus,254406,Psychrolutidae,Perciformes,Teleostei,Fish
Malococottus zonerus,Malacocottus zonurus,Malacocottus zonurus,254406,Psychrolutidae,Perciformes,Teleostei,Fish
Psychrolutidae (fathead sculpins),Psychrolutidae,Psychrolutidae,125594,Psychrolutidae,Perciformes,Teleostei,Fish
Beringraja binoculata,Beringraja binoculata,Beringraja binoculata,1021330,Rajidae,Rajiformes,Elasmobranchii,Fish
Longnose Skate,Raja rhina,Beringraja rhina,271581,Rajidae,Rajiformes,Elasmobranchii,Fish
Raja binoculata,Raja binoculata,Beringraja binoculata,271572,Rajidae,Rajiformes,Elasmobranchii,Fish
Raja rhina,Raja rhina,Beringraja rhina,271581,Rajidae,Rajiformes,Elasmobranchii,Fish
Raja sp,Raja,Raja,105766,Rajidae,Rajiformes,Elasmobranchii,Fish
Raja sp.,Raja,Raja,105766,Rajidae,Rajiformes,Elasmobranchii,Fish
Rajidae,Rajidae,Rajidae,105711,Rajidae,Rajiformes,Elasmobranchii,Fish
Acanthascus sp.,Acanthascus,Acanthascus,171966,Rossellidae,Lyssacinosida,Hexactinellida,Sponge
Salp,Salpidae,Salpidae,137217,Salpidae,Salpida,Thaliacea,Other
Bathypathes patula,Bathypathes patula,Bathypathes patula,103323,Schizopathidae,Antipatharia,Hexacorallia,Coral
Bathypathes sp,Bathypathes sp,Bathypathes sp,103304,Schizopathidae,Antipatharia,Hexacorallia,Coral
Parantipathes sp,Parantipathes,Parantipathes,103306,Schizopathidae,Antipatharia,Hexacorallia,Coral
Schizopathidae,Schizopathidae,Schizopathidae,266964,Schizopathidae,Antipatharia,Hexacorallia,Coral
Scorpaenidae,Scorpaenidae,Scorpaenidae,125595,Scorpaenidae,Perciformes,Teleostei,Fish
Black R.,Sebastes melanops,Sebastes melanops,274817,Sebastidae,Perciformes,Teleostei,Fish
Black rockfish,Sebastes melanops,Sebastes melanops,274817,Sebastidae,Perciformes,Teleostei,Fish
Black Rockfish,Sebastes melanops,Sebastes melanops,274817,Sebastidae,Perciformes,Teleostei,Fish
Blackspotted rockfish,Sebastes melanostictus,Sebastes melanostictus,1015496,Sebastidae,Perciformes,Teleostei,Fish
Blackspotted Rockfish,Sebastes melanostictus,Sebastes melanostictus,1015496,Sebastidae,Perciformes,Teleostei,Fish
Dark RF,Sebastes ciliatus,Sebastes ciliatus,274782,Sebastidae,Perciformes,Teleostei,Fish
Dark RF Unident,Sebastes,Sebastes,126175,Sebastidae,Perciformes,Teleostei,Fish
Dark Rockfish,Sebastes ciliatus,Sebastes ciliatus,274782,Sebastidae,Perciformes,Teleostei,Fish
Dark rockfish,Sebastes ciliatus,Sebastes ciliatus,274782,Sebastidae,Perciformes,Teleostei,Fish
Darkblotched rockfish,Sebastes crameri,Sebastes crameri,274785,Sebastidae,Perciformes,Teleostei,Fish
Dusky R.,Sebastes variabilis,Sebastes variabilis,398442,Sebastidae,Perciformes,Teleostei,Fish
Dusky RF,Sebastes variabilis,Sebastes variabilis,398442,Sebastidae,Perciformes,Teleostei,Fish
Dusky rockfish,Sebastes variabilis,Sebastes variabilis,398442,Sebastidae,Perciformes,Teleostei,Fish
Dusky Rockfish,Sebastes variabilis,Sebastes variabilis,398442,Sebastidae,Perciformes,Teleostei,Fish
Harlequin R.,Sebastes variegatus,Sebastes variegatus,274863,Sebastidae,Perciformes,Teleostei,Fish
Harlequin Rockfish,Sebastes variegatus,Sebastes variegatus,274863,Sebastidae,Perciformes,Teleostei,Fish
Harlequin rockfish,Sebastes variegatus,Sebastes variegatus,274863,Sebastidae,Perciformes,Teleostei,Fish
Northern R.,Sebastes polyspinis,Sebastes polyspinis,274837,Sebastidae,Perciformes,Teleostei,Fish
Northern RF,Sebastes polyspinis,Sebastes polyspinis,274837,Sebastidae,Perciformes,Teleostei,Fish
Northern rockfish,Sebastes polyspinis,Sebastes polyspinis,274837,Sebastidae,Perciformes,Teleostei,Fish
northern rockfish,Sebastes polyspinis,Sebastes polyspinis,274837,Sebastidae,Perciformes,Teleostei,Fish
Northern Rockfish,Sebastes polyspinis,Sebastes polyspinis,274837,Sebastidae,Perciformes,Teleostei,Fish
POP,Sebastes alutus,Sebastes alutus,254573,Sebastidae,Perciformes,Teleostei,Fish
pop,Sebastes alutus,Sebastes alutus,254573,Sebastidae,Perciformes,Teleostei,Fish
Quillback R.,Sebastes maliger,Sebastes maliger,274815,Sebastidae,Perciformes,Teleostei,Fish
Quillback rockfish,Sebastes maliger,Sebastes maliger,274815,Sebastidae,Perciformes,Teleostei,Fish
Quillback Rockfish,Sebastes maliger,Sebastes maliger,274815,Sebastidae,Perciformes,Teleostei,Fish
REBS,Sebastes melanostictus,Sebastes melanostictus,1015496,Sebastidae,Perciformes,Teleostei,Fish
Red RF Unident,Sebastes,Sebastes,126175,Sebastidae,Perciformes,Teleostei,Fish
Redstripe rockfish,Sebastes proriger,Sebastes proriger,274838,Sebastidae,Perciformes,Teleostei,Fish
Redstripe Rockfish,Sebastes proriger,Sebastes proriger,274838,Sebastidae,Perciformes,Teleostei,Fish
Rockfish,Sebastes,Sebastes,126175,Sebastidae,Perciformes,Teleostei,Fish
rockfish sp.,Sebastes,Sebastes,126175,Sebastidae,Perciformes,Teleostei,Fish
Rockfish sp.,Sebastes,Sebastes,126175,Sebastidae,Perciformes,Teleostei,Fish
rockfish unid,Sebastes,Sebastes,126175,Sebastidae,Perciformes,Teleostei,Fish
Rockfish unid,Sebastes,Sebastes,126175,Sebastidae,Perciformes,Teleostei,Fish
Rockfish Unid,Sebastes,Sebastes,126175,Sebastidae,Perciformes,Teleostei,Fish
Rockfish unid.,Sebastes,Sebastes,126175,Sebastidae,Perciformes,Teleostei,Fish
Rockfish Unid.,Sebastes,Sebastes,126175,Sebastidae,Perciformes,Teleostei,Fish
Rosethorn R.,Sebastes helvomaculatus,Sebastes helvomaculatus,274799,Sebastidae,Perciformes,Teleostei,Fish
Rosy Rockfish,Sebastes rosaceus,Sebastes rosaceus,274841,Sebastidae,Perciformes,Teleostei,Fish
rougheye rockfish,Sebastes aleutianus,Sebastes aleutianus,274771,Sebastidae,Perciformes,Teleostei,Fish
Scorpaenidae (rockfish/scorpionfish),Sebastes,Sebastes,126175,Sebastidae,Perciformes,Teleostei,Fish
Sebasets borealis (shortraker),Sebastes borealis,Sebastes borealis,274777,Sebastidae,Perciformes,Teleostei,Fish
Sebastes aleutianus,Sebastes aleutianus,Sebastes aleutianus,274771,Sebastidae,Perciformes,Teleostei,Fish
Sebastes aleutianus (rougheye),Sebastes aleutianus,Sebastes aleutianus,274771,Sebastidae,Perciformes,Teleostei,Fish
Sebastes alutus,Sebastes alutus,Sebastes alutus,254573,Sebastidae,Perciformes,Teleostei,Fish
Sebastes alutus (POP),Sebastes alutus,Sebastes alutus,254573,Sebastidae,Perciformes,Teleostei,Fish
Sebastes babcocki,Sebastes babcocki,Sebastes babcocki,274775,Sebastidae,Perciformes,Teleostei,Fish
Sebastes borealis,Sebastes borealis,Sebastes borealis,274777,Sebastidae,Perciformes,Teleostei,Fish
Sebastes borealis (shortraker),Sebastes borealis,Sebastes borealis,274777,Sebastidae,Perciformes,Teleostei,Fish
Sebastes brevispinis,Sebastes brevispinis,Sebastes brevispinis,274778,Sebastidae,Perciformes,Teleostei,Fish
Sebastes ciliatus,Sebastes ciliatus,Sebastes ciliatus,274782,Sebastidae,Perciformes,Teleostei,Fish
Sebastes elongatus,Sebastes elongatus,Sebastes elongatus,274788,Sebastidae,Perciformes,Teleostei,Fish
Sebastes helvomaculatus,Sebastes helvomaculatus,Sebastes helvomaculatus,274799,Sebastidae,Perciformes,Teleostei,Fish
Sebastes maliger,Sebastes maliger,Sebastes maliger,274815,Sebastidae,Perciformes,Teleostei,Fish
Sebastes melanostictus,Sebastes melanostictus,Sebastes melanostictus,1015496,Sebastidae,Perciformes,Teleostei,Fish
Sebastes melanostictus (blackspotted),Sebastes melanostictus,Sebastes melanostictus,1015496,Sebastidae,Perciformes,Teleostei,Fish
Sebastes nigrocinctus,Sebastes nigrocinctus,Sebastes nigrocinctus,274825,Sebastidae,Perciformes,Teleostei,Fish
Sebastes paucispinis,Sebastes paucispinis,Sebastes paucispinis,274833,Sebastidae,Perciformes,Teleostei,Fish
Sebastes polyspinis,Sebastes polyspinis,Sebastes polyspinis,274837,Sebastidae,Perciformes,Teleostei,Fish
Sebastes polyspinis (northern),Sebastes polyspinis,Sebastes polyspinis,274837,Sebastidae,Perciformes,Teleostei,Fish
Sebastes proriger,Sebastes proriger,Sebastes proriger,274838,Sebastidae,Perciformes,Teleostei,Fish
Sebastes proriger (redstripe),Sebastes proriger,Sebastes proriger,274838,Sebastidae,Perciformes,Teleostei,Fish
Sebastes ruberrimus,Sebastes ruberrimus,Sebastes ruberrimus,274844,Sebastidae,Perciformes,Teleostei,Fish
Sebastes sp,Sebastes,Sebastes,126175,Sebastidae,Perciformes,Teleostei,Fish
Sebastes sp (rockfish unid),Sebastes,Sebastes,126175,Sebastidae,Perciformes,Teleostei,Fish
Sebastes sp.,Sebastes,Sebastes,126175,Sebastidae,Perciformes,Teleostei,Fish
Sebastes variabilis,Sebastes variabilis,Sebastes variabilis,398442,Sebastidae,Perciformes,Teleostei,Fish
Sebastes variabilis (dusky),Sebastes variabilis,Sebastes variabilis,398442,Sebastidae,Perciformes,Teleostei,Fish
Sebastes variegatus,Sebastes variegatus,Sebastes variegatus,274863,Sebastidae,Perciformes,Teleostei,Fish
Sebastes variegatus (harlequin),Sebastes variegatus,Sebastes variegatus,274863,Sebastidae,Perciformes,Teleostei,Fish
Sebastes wilsoni,Sebastes wilsoni,Sebastes wilsoni,274868,Sebastidae,Perciformes,Teleostei,Fish
Sebastes zacentrus,Sebastes zacentrus,Sebastes zacentrus,274869,Sebastidae,Perciformes,Teleostei,Fish
Sebastolobus alascanus,Sebastolobus alascanus,Sebastolobus alascanus,282740,Sebastidae,Perciformes,Teleostei,Fish
Sebastolobus alascanus (SST),Sebastolobus alascanus,Sebastolobus alascanus,282740,Sebastidae,Perciformes,Teleostei,Fish
Sebastolobus altivelis,Sebastolobus altivelis,Sebastolobus altivelis,282741,Sebastidae,Perciformes,Teleostei,Fish
Sebastolobus sp,Sebastolobus,Sebastolobus,270859,Sebastidae,Perciformes,Teleostei,Fish
Sebastolobus sp.,Sebastolobus,Sebastolobus,270859,Sebastidae,Perciformes,Teleostei,Fish
Sebastolobus sp. (Thornyhead),Sebastolobus,Sebastolobus,270859,Sebastidae,Perciformes,Teleostei,Fish
Sebastolobus Spp.,Sebastolobus,Sebastolobus,270859,Sebastidae,Perciformes,Teleostei,Fish
Sharpchin R.,Sebastes zacentrus,Sebastes zacentrus,274869,Sebastidae,Perciformes,Teleostei,Fish
Sharpchin Rockfish,Sebastes zacentrus,Sebastes zacentrus,274869,Sebastidae,Perciformes,Teleostei,Fish
Sharpchin rockfish,Sebastes zacentrus,Sebastes zacentrus,274869,Sebastidae,Perciformes,Teleostei,Fish
Shortraker rockfish,Sebastes borealis,Sebastes borealis,274777,Sebastidae,Perciformes,Teleostei,Fish
Shortraker Rockfish,Sebastes borealis,Sebastes borealis,274777,Sebastidae,Perciformes,Teleostei,Fish
Shortspine Thornyhead,Sebastolobus alascanus,Sebastolobus alascanus,282740,Sebastidae,Perciformes,Teleostei,Fish
Silvergray R.,Sebastes brevispinis,Sebastes brevispinis,274778,Sebastidae,Perciformes,Teleostei,Fish
Silvergray rockfish,Sebastes brevispinis,Sebastes brevispinis,274778,Sebastidae,Perciformes,Teleostei,Fish
Thornyhead,Sebastolobus,Sebastolobus,270859,Sebastidae,Perciformes,Teleostei,Fish
Thornyhead Unid.,Sebastolobus,Sebastolobus,270859,Sebastidae,Perciformes,Teleostei,Fish
Tiger rockfish,Sebastes nigrocinctus,Sebastes nigrocinctus,274825,Sebastidae,Perciformes,Teleostei,Fish
Tiger Rockfish,Sebastes nigrocinctus,Sebastes nigrocinctus,274825,Sebastidae,Perciformes,Teleostei,Fish
Unid Rockfish,Sebastes,Sebastes,126175,Sebastidae,Perciformes,Teleostei,Fish
Unid. Rockfish,Sebastes,Sebastes,126175,Sebastidae,Perciformes,Teleostei,Fish
Unid. Thornyhead,Sebastolobus,Sebastolobus,270859,Sebastidae,Perciformes,Teleostei,Fish
Unidentified rockfish,Sebastes,Sebastes,126175,Sebastidae,Perciformes,Teleostei,Fish
Widow rockfish,Sebastes entomelas,Sebastes entomelas,274791,Sebastidae,Perciformes,Teleostei,Fish
Yelloweye R.,Sebastes ruberrimus,Sebastes ruberrimus,274844,Sebastidae,Perciformes,Teleostei,Fish
Yelloweye Rockfish,Sebastes ruberrimus,Sebastes ruberrimus,274844,Sebastidae,Perciformes,Teleostei,Fish
Yelloweye rockfish,Sebastes ruberrimus,Sebastes ruberrimus,274844,Sebastidae,Perciformes,Teleostei,Fish
Yellowtail Rockfish,Sebastes flavidus,Sebastes flavidus,274795,Sebastidae,Perciformes,Teleostei,Fish
Yellowtail rockfish,Sebastes flavidus,Sebastes flavidus,274795,Sebastidae,Perciformes,Teleostei,Fish
Rosia pacifica,Rossia pacifica,Rossia pacifica,346432,Sepiolidae,Sepiida,Cephalopoda,Other
Rossia pacifica,Rossia pacifica,Rossia pacifica,346432,Sepiolidae,Sepiida,Cephalopoda,Other
Rossia pacifica (bobtail squid),Rossia pacifica,Rossia pacifica,346432,Sepiolidae,Sepiida,Cephalopoda,Other
Squalus suckleyi,Squalus suckleyi,Squalus suckleyi,299224,Squalidae,Squaliformes,Elasmobranchii,Fish
 Stichaeidae,Stichaeidae,Stichaeidae,125566,Stichaeidae,Perciformes,Teleostei,Fish
Chirolophis sp,Chirolophis,Chirolophis,126086,Stichaeidae,Perciformes,Teleostei,Fish
prickleback,Stichaeidae,Stichaeidae,125566,Stichaeidae,Perciformes,Teleostei,Fish
Prickleback,Stichaeidae,Stichaeidae,125566,Stichaeidae,Perciformes,Teleostei,Fish
Prickleback Unid.,Stichaeidae,Stichaeidae,125566,Stichaeidae,Perciformes,Teleostei,Fish
Stichaeidae,Stichaeidae,Stichaeidae,125566,Stichaeidae,Perciformes,Teleostei,Fish
Stichaeidae (pricklebacks) ,Stichaeidae,Stichaeidae,125566,Stichaeidae,Perciformes,Teleostei,Fish
Stichaeidae-Chirolophinae,Stichaeidae,Stichaeidae,125566,Stichaeidae,Perciformes,Teleostei,Fish
Unid. Prickleback,Stichaeidae,Stichaeidae,125566,Stichaeidae,Perciformes,Teleostei,Fish
Chauliodus macouni,Chauliodus macouni,Chauliodus macouni,275055,Stomiidae,Stomiiformes,Teleostei,Fish
Cyclohelia lamellata,Cyclohelia lamellata,Cyclohelia lamellata,289768,Stylasteridae,Anthoathecata,Hydrozoa,Stylasteridae
hydrocoral,Stylasteridae,Stylasteridae,22805,Stylasteridae,Anthoathecata,Hydrozoa,Stylasteridae
Hydrocoral,Stylasteridae,Stylasteridae,22805,Stylasteridae,Anthoathecata,Hydrozoa,Stylasteridae
Stylaster sp.,Stylasteridae,Stylasteridae,22805,Stylasteridae,Anthoathecata,Hydrozoa,Stylasteridae
Stylasteridae,Stylasteridae,Stylasteridae,22805,Stylasteridae,Anthoathecata,Hydrozoa,Stylasteridae
Umbellula lindahli,Umbellula lindahli,Umbellula lindahli,128531,Umbellulidae,Scleralcyonacea,Octocorallia,Pennatulacean
Virgularidae,Virgulariidae,Virgulariidae,128488,Virgulariidae,Scleralcyonacea,Octocorallia,Pennatulacean
Virgulariidae,Virgulariidae,Virgulariidae,128488,Virgulariidae,Scleralcyonacea,Octocorallia,Pennatulacean
Prowfish,Zaprora silenus,Zaprora silenus,254353,Zaproridae,Perciformes,Teleostei,Fish
Zapora silenus,Zaprora silenus,Zaprora silenus,254353,Zaproridae,Perciformes,Teleostei,Fish
Zaprora silenus,Zaprora silenus,Zaprora silenus,254353,Zaproridae,Perciformes,Teleostei,Fish
Zaprora silenus (Prowfish),Zaprora silenus,Zaprora silenus,254353,Zaproridae,Perciformes,Teleostei,Fish
Black Eelpout,Lycodes beringi,Lycodes beringi,398582,Zoarcidae,Perciformes,Teleostei,Fish
Bothrocara sp,Bothrocara,Bothrocara,234576,Zoarcidae,Perciformes,Teleostei,Fish
Bothrocara sp.,Bothrocara,Bothrocara,234576,Zoarcidae,Perciformes,Teleostei,Fish
Bothrocara zestum (western eelpout),Bothrocara zestum,Bothrocara zestum,1566163,Zoarcidae,Perciformes,Teleostei,Fish
Eelpout,Zoarcidae,Zoarcidae,125575,Zoarcidae,Perciformes,Teleostei,Fish
eelpout,Zoarcidae,Zoarcidae,125575,Zoarcidae,Perciformes,Teleostei,Fish
Eelpout unid,Zoarcidae,Zoarcidae,125575,Zoarcidae,Perciformes,Teleostei,Fish
Eelpout unid.,Zoarcidae,Zoarcidae,125575,Zoarcidae,Perciformes,Teleostei,Fish
Eelpout Unid.,Zoarcidae,Zoarcidae,125575,Zoarcidae,Perciformes,Teleostei,Fish
Lycodes beringi (formerly diapterus),Lycodes beringi,Lycodes beringi,398582,Zoarcidae,Perciformes,Teleostei,Fish
Lycodes diapterus,Lycodes beringi,Lycodes beringi,398582,Zoarcidae,Perciformes,Teleostei,Fish
Lycodes diapterus (black eelpout),Lycodes beringi,Lycodes beringi,398582,Zoarcidae,Perciformes,Teleostei,Fish
Lycodes sp,Lycodes,Lycodes,126104,Zoarcidae,Perciformes,Teleostei,Fish
Lycodes sp.,Lycodes,Lycodes,126104,Zoarcidae,Perciformes,Teleostei,Fish
Unid. Eelpout,Zoarcidae,Zoarcidae,125575,Zoarcidae,Perciformes,Teleostei,Fish
Unid. Zoarcidae,Zoarcidae,Zoarcidae,125575,Zoarcidae,Perciformes,Teleostei,Fish
Zoarcidae,Zoarcidae,Zoarcidae,125575,Zoarcidae,Perciformes,Teleostei,Fish
Zoarcidae (eelpout unid),Zoarcidae,Zoarcidae,125575,Zoarcidae,Perciformes,Teleostei,Fish
OTHER,,,,,,,
Tactostoma macropus,Tactostoma macropus,Tactostoma macropus,282922,Stomiidae,Stomiiformes,Teleostei,Fish
Nemichthyidae,Nemichthyidae,Nemichthyidae,125432,Nemichthyidae,Anguilliformes,Teleostei,Fish
Sebastes melanostomus,Sebastes melanostomus,Sebastes melanostomus,1044042,Sebastidae,Perciformes,Teleostei,Fish
Plexauridae dead,Plexauridae,Plexauridae,125277,Plexauridae,Malacalcyonacea,Octocorallia,Coral
Pseudoanthomastus sp,Pseudoanthomastus,Pseudoanthomastus,267770,Coralliidae,Scleralcyonacea,Octocorallia,Coral
